af1b56a5b4695665a6e70ca8131a3daa,落地生根
6ddeb70fc4382bfc69911376501595de,落地生根
d2bb47b4294981a12f6a604bd826b503,建立
08412ef56dcce4db771336b6c19516a7,落地生根
97c8695f62841d6106392dc5d9b01571,建立
6be1a65e65fc7ba639f865c2525549e1,建立
1dafa95734a3e35117197c814f25636c,建立
c593106b85d9a57f57f25e8d611cb059,应运而生
13a804655c2003272bd12a2246f50b14,建立
841225bd477eb1ad5c7f51b89d932905,建立
954db007136491ce578810c9b398efbc,建立
810713aad27b9f73373c2b081544d6c7,前所未有
8db0626643b0f0126407bca718c5151c,落地生根
382fb77443575a039b17f3b5f6598332,建立
9a1d65d69e1c01fffee2cfd82c9723c3,建立
d44945c21a1f84cce3e2583d43162284,建立
396c5ca4dd109398ca1526d21fdd1a62,落地生根
cd8a51636fb89ceb804d3ca690c90d66,建立
ac0e59b928a347570c9f96c2bb6f7a84,建立
c488ce7ca85545eba6a87e3faf675632,建立
c8954cac82df524b3b4c26d8fa202dc8,建立
671c19d02b0b6ffe7b67449daf161ba9,落地生根
e170f2c0b524187ee3e32bbecd15c8cb,建立
d2697ef5074d00614b728c52ff32434b,应运而生
3ad0f438f5f641c2faf09c82e1c63f61,建立
4fd725abde9e5ebcc6e4832ba6c723d0,落地生根
3447b6ffabeee8682502629cb159876e,建立
c73792198bd9f9473d6d5e2129cd5b95,建立
ad1ea9ec91a62802998f9befc729d432,建立
533f94d4fb0139a2c5ab8ac8b9defb4e,建立
6172f4d575fdc80143975020ef4054b5,建立
74ba509bb05ed8910cd09cce0de38a30,落地生根
536a7c2d3464eaa1abf87ff5b75c91c9,建立
64868469965b958f99c511fa6aa77a6d,建立
ad6f6921c9cfee6d9b34b91d735fe92f,建立
ed3de9bf05a5d939caf8b70940b1aeb2,其中
1b62ceefb07ed63d2c705dd6538548a5,建立
bd013088a5dc5b5b2b40c4fbf4c3f434,落地生根
51a3091ec3fadc57ee1e78bfbdb4de17,前所未有
2084d3a65064cf92a9600a8b5bd6dbfa,建立
ee2c39b5caa9eb8483c74ca663d6c374,建立
c1c5a484584a8b219134797811431a90,应运而生
1ac40004d1d5e546e03cfda5fe0380ab,前所未有
9b65efff946a584973c37913be16878d,落地生根
345891a006b67c366d88d098780ed8bf,建立
f8346dcb272903b195c904d00643444e,落地生根
2c0d21da363ea6e489ca01f0bd8a2fdd,建立
4d5c82310d946d60a169a292ce35f354,建立
274aada60727c7712d19ac005f54f6f8,前所未有
d8edefb6084c28a424e0886a55b744c5,落地生根
d568e940549bee6a6593682f1672c60d,落地生根
93adbd46263a522c921eef184e6052a5,落地生根
015e47b641ecae2528e2dd6c1fc0fc70,建立
b426e5ef6ae770e8a160471cd72754b2,落地生根
e0a2914a6b7e8eccdb300b1577ca4d8b,落地生根
8ff91794361c1e18c9d2b0c4b86cf21c,建立
a2b626a49e51b21195e0936d3627348d,落地生根
dab8d0ea0e5b198bb709a2a42d3660d5,建立
93c3ec38badd253cf57a0a6d7a6a4f89,建立
6f7769e2c8b62fa32ee1029eeacc6fa8,落地生根
8c58ddf4bdb981b084422d218f438cfe,建立
cb415cd0e689046471f0c0a64c86dd28,落地生根
9f3b7b9f7d7e68476a2a37ce46278a99,前所未有
1c41755e2eb5de3c39307beac037f284,落地生根
d6b5405920ce9868296e4c129c35041f,前所未有
906ede3588c76aaafc63d588e2a3b709,建立
b04c6f71ec3d05d7c18345f0ecc505c4,落地生根
252ff97ae2c4d7bda749bfa70a7a3903,前所未有
edae4e91862f21ac1ee4f31e677d27de,建立
6b92f430bdf8ddb547708249a932afe2,建立
a994b64602e69fb988b53b6d1b056ded,建立
d2030af33654537f2ac9d8ec3b84a41d,其中
d8667ac646a329858e54617ec3563bcc,建立
45ec524c8837d0375a091f3f4da7769a,前所未有
12d791d9eb176acba9fbfe35b8cc84bf,落地生根
ae01f9ca5486c60a99adcd95d9616364,建立
38bb0794e0a5fdc1efc41d4c7d50ed86,建立
bba5c355c6e6140553884ca1142b7aa6,落地生根
71a71ad98194b5917354d3e12ef4211c,落地生根
acb0d7f35643739012fdfb42551cd3a9,落地生根
af1ddf8709a8ae990d861913e6bb7987,建立
c474d5c4144602dbbca71f88c09f8cb3,落地生根
2424adb39b578b9b7308b90576bfcc8c,建立
398e034e95c0409cd8ffdbffdec5247a,落地生根
f49b349f30db8777ea4233ebb95a2811,落地生根
3e12ec727e5217a5960bf96418eb7970,落地生根
7a7c09e05a58f360f5f0e36d88091a8a,落地生根
bed4ede048a1661892b949cfb9e59bc7,落地生根
dd9775d644c40e953a03155678c1d64c,喜闻乐见
64629477e57fc8375be301565546d18d,落地生根
3d8dcdfddb999bc3e78cc90f55da2471,建立
7ef81086b708043018ee2adcb573dba1,其中
437c6d2cce8a95a1e4b65d097aaa1a99,前所未有
bcac775a0228ae7fc0d104c870ca8cf1,落地生根
8abd6acdfa2cf128a8a06daaadd90dad,建立
9fc695176075ac24f6bd73315a62f00d,建立
362dea8621802ff5aba5a6b645e0c7d5,建立
89c907c39c84e4e5b074f17b179cdc9b,建立
7696a85364be578d928a797fcdbbff54,前所未有
b8a90f9a99630c58db3f4be92a3a6e4d,建立
b5e126b2c3a6f2ffc2ab41a389ab1e42,建立
5b2d823a2d3d391d6bd3fc25f8d03d8a,建立
ab7fa96d2b2e2d25f2987fe166b2f968,建立
b862dbaf68f2e2d955d9940cf9f17486,前所未有
efe1039344fdf87304db7430fdc900d3,前所未有
1dd010d8ca47d00ed62c87c594f7ddcf,建立
4b8d751cd2543eddaccd57bea548287b,建立
bff718566f51c65de5625a6d7b9b5e7e,前所未有
a7b983af50944dbbfbdb893f3e044608,前所未有
50d8b7485b490ace6ec350ee8c2a1b90,落地生根
b1073eb0fb5cd9e44b6343d7f426a347,建立
d458fd08072964538cd217aa513d5e92,建立
694484581fd1ee040441eb6748e59891,建立
6ce1fb9cb1a2ccdca4e1dd94dcea7e0c,前所未有
a400b8cc5a8fb505e8d27cc134fb4eaf,建立
403ec43516403d9ee1f9ebf327bc0d71,建立
cfd42d1383d0423aab3caabe38d9ebcd,建立
a665e9398a35ce80147ea82782622704,建立
f3b3bc3b17ea7e584f332a2773560558,建立
fa0e28248985d7a125b572067b9172c2,其中
988a3f74223c93e9b66ade8fa6324664,落地生根
b6b6b3e4019bd77e30be42160ea68a30,建立
07fe09bc8f5f173d8f6d63c52ca5f1c2,建立
ccf01231b3fed5e28d8fa2e6a690f39b,建立
6d87b01f25d4c0b2fa7b842ef3241dff,建立
11ad1392269fb8128ecaec9ec43629d8,建立
d04ec77b7445e20a56189c315fd91ee0,落地生根
39dbaad200076c19199d30f502da9d57,建立
bf8df86ee882f69f438259c67122c731,其中
7f8b35aa57b06f175505297045108190,落地生根
5a2b860e027aa36a6adf8230662b9a25,建立
05c795d3f980d51c8ad1612d36aa38f5,落地生根
49ca79132fd1138cc701bafbe25dd5e8,落地生根
29000a3f4e9264e02feb57595778cdc0,前所未有
0eadd8e4df7eea2edae4b5bf69373f0e,前所未有
4f2d60da90bd22d240fc5ad67553e4dd,建立
4be3b432994c26620f2defbf5ce89763,建立
3912b67bd494ab2fea9f893d30894f14,建立
6da248939137222a9a27d6c8e56078b6,落地生根
a68df451ed21710933e16b24326c3edf,建立
bd037b9e73d1fb82ba1c4f8478ef68a3,落地生根
3ca133b23f6656b8061d4201ec4c0e21,建立
85e69a1829cf8024a1267c9b30283c11,建立
40381005130b9a9de66c8c01233853eb,前所未有
b91b827c860fa07966da97e6db7d4acc,前所未有
f460d80eb896fcf57df910d9271532e7,落地生根
ca590861569c4252fa04081667a912c2,建立
9be8b868d2d1fac6cd39904726815210,建立
1e8ad28b00534a1381340be07269c602,建立
7889b03f754bb9299a6f965d8763ec7d,建立
6adda861792aa3cfa662aacfb147bbe0,建立
329b3802610dbc53fd8e4fe3a7d37146,建立
8b17b816f1c416cd344cff59999e5ec2,建立
f33cfff4e4a1a846f0bd4c1d650af7b8,建立
d61e05c95a9c1f6d0fc1787bd2bf3d6d,建立
09a46f846ed6d0241522523b6a6c068c,建立
b231412e340df44f43ca100c857a8480,应运而生
d0eccf216671fb8de5dbe1b8f217af94,前所未有
ce0cd0337141fb76505c43c314512648,建立
6ca7083b2dbc2c5f31cbac1d6edb25a9,落地生根
69a912e7c3da835e67710c2720750008,建立
d9322fbc4b6ada0252b6d491a6ab9b9d,建立
feb95e985f67f672ad9b8dc30b90956b,前所未有
a8ed45c3e0e40505b26b63beee7e804e,落地生根
0537f3b6fe8939e4b27cb393ba84d459,落地生根
f449ab64a2514f2fedc3142ae633c001,建立
182a19042e9d3a3cc1a56e850421e4e0,前所未有
e55d46d0628cbb42f0fc7617edc56d7b,建立
b5cc4810a730d339e1fb029dd4f3df59,建立
47891a0af5038f82f07a882ae4ac9765,建立
35a28c37894cd675856852479e635b0c,落地生根
4a80a34513cd272ea5a562c83861367b,建立
7ef1997b74d33fc62208268f3a50a0c6,建立
fe260d75bb0f1d04fa39a428545f5ef4,前所未有
da6b74d9023bb90e2cd3f64c77c8e789,落地生根
1066a558ea91bee4f61d0c5e516b28e2,落地生根
b1de9716986bb6abe515b7df0095940d,建立
279432936bf4c06b2cc4638cda5eb91c,落地生根
06ccf5a29f2f3613aa2c1a13c2f4d891,落地生根
8a0404f17d6ae2161b5ea157b59ad0bb,建立
a757cde364509c1453c3b26bf9ab431b,落地生根
b36bcb5f84804161389c4f5ce8169ee8,落地生根
2a9fe9e89979df04bff7ed9ed2fd8df9,建立
47e0e482ca3400e141de14a740f7616e,建立
cc0657c0f18386d86d634a0776a822ad,建立
437ce6a05fbe144d401f02621ad25647,落地生根
e9ed5dc5272ef97fbfed0dd036c1ab96,建立
d4bd86c796616c8687c67866da816266,建立
30b1d42e7534de81081fa90e0bb13e25,建立
f163de1f1c1cd03b1743277268057887,落地生根
ce90faaae7dd3ee208750a51e94c8952,建立
64f1b5f0a2ab58161627ece9bd291c4f,落地生根
9874466003f8dc6d858d845a329ea596,前所未有
fc2b457b84f34ca5de8c58ca714cf598,建立
9b36fc23377bbd69a69bf7f9ac2e6f6b,落地生根
34cf88859aa88d93c92e3e29205e2526,建立
763888483fbd3166f823f952f3732561,落地生根
dec90ecb3b419c3955330f17a57923c6,建立
a28e637fad4bbdc258614ce0d93b51e3,建立
62c9cf9e61c48645baf9796dcda40b42,落地生根
1ebca27c71493cb6f953820c9754dabe,建立
df2753f2cdfb511cdc51393df75af888,落地生根
8776af4f81037c880a4d8b1aa7fe788c,落地生根
9b4f174132973aefa6a0a3b183f7560b,落地生根
700941ef47759a61f28e885f3ff0c6c0,落地生根
3175ac3059e937a710166028b5ba7b8e,落地生根
f89434355677290d70be465e29c3b96b,落地生根
50488f9a950484a0e8da81dcff0027b9,落地生根
33ff0c8c7eadaf922d8af3f0796e08ca,落地生根
f93e672bbeff936300da83df77fe787d,建立
8e05a7fa384205d523119ef46610c9cd,建立
ea780aee3346a69b049a499c21b437a8,前所未有
f6242e61a38acf6361a4d2215259fb54,建立
e018e40f53044c9789510d7681e98677,建立
0ce7c86420ba52153417c436085f93e0,建立
ca7d21411925fa8e18357d673fd458a4,前所未有
1a17673e482d0ef0c2ccd4dfdc02f53f,落地生根
a585d20ca035bfdea4ba3d2b837cc29f,建立
2bd3c39af796a1adbdb75a3d5e547643,建立
9300385b96740d000199930b18b3f20e,落地生根
cb73f4058b5216806569f6e35155a798,落地生根
efbad72d8951cfc9538c97eb50137b52,建立
8f241aa91598a91070555873dd0f3078,建立
05273d7114f6e07f8fb3d1c09ee1c162,前所未有
167e08f219999b496b2405b69816a877,前所未有
5eecd4fad4fe3a56b7c19b88990722c2,落地生根
8ed890b1714b36ee4ba434588fa082b5,建立
d891547ee53cecb1eb9860479edd1560,前所未有
b236dd648d0f127e4bcd1135d6d06f23,建立
b6a36522f5a96bb26529b63812a90509,落地生根
86490841e821ce859dedc783a92a4e1d,建立
786b2e46a425a90dcb93ed33b0a1bd25,落地生根
df3b99d67a7cc87174d65d5d2587b46e,建立
54acc213236219b6bb084ebc4872df0d,落地生根
8714fcf42376e913c86b6062f26b053d,前所未有
cd645531be2632503ac545de2abaa3ca,落地生根
0150383c3b743c039e0559b1144385de,建立
df200e855f4a88dd87edb6aa52d14a60,落地生根
c060c427e55d2e014293cdeff17a8180,落地生根
52d70a064f91fc5d63239a69fff40248,建立
55b63733dc500a3abb07584413533756,落地生根
5c128476bbe48024954793699104e027,建立
9e2bb0c9fbc3b6f55fca63fd2bdbf57a,建立
8a522a3683b2403b18b08ee88d127ec7,落地生根
4aa58d28b6f90bb4d109bef26bd0f76b,建立
9e45b68089ba49a76f7bffc803989d17,建立
23c93fe41cc5d4d32a48e857593af077,建立
9a1e968d24be01db67aff76c6303254c,建立
a35b358a2a524e992b56ef339503751a,落地生根
ffc83f8fb4eade151837f76982dd835f,建立
cb4ed766d260124e540124a39be6afe9,其中
825f05c5afed67b6b85fe250848a852c,建立
25288acda45e45fc3a95fbf2b0f40d7d,建立
182d32646e2266d0c74821c1af05b914,前所未有
07b73890be745da5a106d657858a5727,建立
74b28bcf400c4f4eef3ab82d117a30b3,前所未有
3f433058117eda63e3376ebb8949a357,建立
ca90e2537ab07df58ec3bc2fd3e834b0,建立
5085318c57c5624304ed7fdf6daa0d43,落地生根
04834024aa09103303092987c66db127,建立
5c78dfa12a9ffb75b9dcb97d5e7942cc,落地生根
4825f9723f16f7a6b1d55d6c569a595f,前所未有
a2adf404332e4a8797aa3e166a5610cc,落地生根
3397fc7c2886dfc1e7eb718bc4be57a3,建立
e8ec5294cd2f4bcbf95d56599f3621bd,前所未有
a46689f9bde7a10fcf3376f97a8acd0e,落地生根
cbe53f85a0572a2c06926db700e5fc21,落地生根
ac3906f9cdb0e7fddcc376ea827814cd,落地生根
9e9a034c5061c97d32c3c253eb81e9fb,落地生根
80c5cff1bc5797a0c19b343696acde4d,建立
f053ab7d08be21fbe577353c7f7155c6,落地生根
65007c7acd020dff285c7f0ba49bf7cd,落地生根
f96cc6922621a321aeca2397d23d92fa,前所未有
490a258a5f716d81e9715e5e79635aac,前所未有
eaaddaeca79fbb59f7f097cdd835f52a,建立
a6b16381767c004320d89ab78ec464b5,建立
3888a8de3d6578f0e6ba1fffb88970f3,落地生根
e44ce54229b73e08a472cee20e8da89c,建立
b726f49fea52d50754c4afed40df2759,建立
141862955a3e4331ac250c473168a8e2,建立
ab175b781328429f1eb07f648a74870d,落地生根
33b9284d2a66dfd5e35dc89e45709c42,建立
420546afb4538b3ccba17e17e10d4001,前所未有
0cbcae81b23adfd6e617e84143daf565,落地生根
9f9c999bdc2c6981a5ed4800bbadd617,建立
bd5463b67670ac83fa7916afcdcad6f4,落地生根
407dc46faa0cd45b55fe95d7f802b93e,建立
d3f184573f5ba9e9fcd0472a3a31915a,落地生根
5d8611cea54e16d400c81ab900a9fb91,其中
ad120395ea9bbb374584871293eb0896,建立
acacf83fff8afe11de7d0d702e01a6b0,前所未有
3b5f6c75a3a0e64fb8d9113be4f7ae1f,落地生根
fef118c458d85d7761fc0c3bd3964616,落地生根
590e55f49cd150fd683a112953bf93da,建立
bcf8f3df6d4738f0baf596c2238a1f5d,喜闻乐见
30aeed604f0f2384d70ae1bc4bd3741a,建立
5dd99956ca1648d98815f4ff0ba9884f,建立
ea42305e58b921c7b27ec49d0341f9e9,建立
2d3a6bf76ee713975ca003ce119fcbc7,建立
9db6e1f85eba8b4b6752d4ebbb75cac5,建立
4b6c766e19de59dca6cfab887881b188,建立
c4081e43ffad5adb6cd5d316d11db762,前所未有
ace7b260522c4415e8085e4e068e8378,落地生根
c36c3a31ed60976ae898ac9143ff9916,落地生根
a8f0e78298d4f76bf7dd216b94c8652a,其中
b64df2c33499cad9436f157e989ee36d,建立
4cf03936f72c64af17d10095abb76e4f,前所未有
d02918b07c23c98762d668569a1aabc3,建立
f6008e179a042a83aee1b67bf263e583,前所未有
baf7db9ef0e2db7e4fdba1767935a7fc,建立
f763a8d1b16433817c854f0955324d86,落地生根
2cfc5910081742b7f7a70f5d133b60b9,落地生根
8f4ecb7e6f7ca09141bb1cfe965d859f,落地生根
2ea4af908e0581db0f4b1bfd888d26d9,前所未有
8977cfead6ab9d90d4844e93a28824be,落地生根
9f1bbc91fdfbf98a8385cec87229588b,建立
277b66287ff81c141682fe9ecf41e4e0,落地生根
c7a9c6ceb6040573f6e283120f7a76a2,前所未有
f9bed5f1bd0a3a99d0838a503647c00a,建立
5174e732ba514d8213276664452171ff,建立
8ad37e883673692c7fd2b4222c270f18,建立
c2d441bdc21837c0320f61fc58456e2b,落地生根
affea48c967fec13c8623f10e1140f4b,落地生根
0ae2c7652b6465a87a379bd933345488,落地生根
6554014ce4c7c8cd2bd0f577081af837,建立
4d026048c607d40eb0ff2b173e36e754,落地生根
f3302a89d703b00186dd590eba6b7a44,落地生根
9f9df820b0f42ff5ab1239ab59391bc8,落地生根
e235efdb288568b1e2935d6669f6d867,落地生根
6facb5cd53eb1b1ed473752afcb64eac,落地生根
97dd81137e3ca16535d7e3b59fc78f0a,前所未有
8442ac06feba090734973b983a4d3de7,建立
88a5b612baa122cdba27561f6e1fbc0a,建立
24acb724d629bfd500d3313d46080737,建立
9962d33260706f57bdb23d7bf27c602c,建立
ff566300db0e1730b93dd1fc555a83fd,落地生根
0f8adedd4e2a13cfa998212491b45c42,建立
afd11a340ca2d3415c6b0aada569459b,建立
fc8d38f06ef3cc01b3e2c22a46816a9a,落地生根
da216a84e2002bad45e5c5719acc7b45,前所未有
dd5d8c84248d20715e2026035994c181,落地生根
7c34c7131d2a07f77326aa7146d3ee05,建立
fd531a0b01ef48d984d506f06ba1a6cd,落地生根
7ff72a9c9e953d70b0d02c784f4e93c9,落地生根
28ff2013c39297561df050fde63b3ccc,建立
1725b100b935c9196100ebdefa296c0e,前所未有
34f0871846fa4c3654633be9fad09584,落地生根
fe824d109d638daa2f47c203e9a078c9,落地生根
4bade5304265dab28fe54bd07bcdf2e9,落地生根
bfc764cfbaf3cb479af68f197552ed86,建立
a6de3791288b43e9a4090d271ef19cf9,建立
e65e41554dd431b61a76a084a2064cac,落地生根
5c19b1dfced69bf44b1e86ff332ebf19,建立
ee8fc474fda52ed99e4b1be299324539,落地生根
46c55c1d7e7223c59e803f1926322d3b,落地生根
96871f294f743d2a9a35d1a8309f153d,建立
031c2cbd1115ee1401e39e8adac580a1,落地生根
d6ad34c01766927c95ecf5f235ed7261,建立
491e0bec7d87f6b9eca30a99b3546924,前所未有
ff4271c64d237cdd696935d56720951d,落地生根
7bc7b339023f4499119740305ab0ef1c,建立
3e9fc08cf8474f8127de7f964f15c3f2,建立
226ca2f7636e4ce8fa98b397e3919131,建立
29cd0b5f0273a3eea11e2a5d5c1e9961,落地生根
e33581d07d69949830d8198b0cc0ec26,落地生根
b886c7f8b727a32c2261e023687d31a6,建立
e654f60fd923bcb185d0a5ded242c6d6,建立
d2db5a38b84bb46c2d1c22a4c5bfe180,建立
0ee840b4646999d1379b9613409ae0bb,建立
6a231565f993b7176d813bf75c7e1c1a,落地生根
a3c1f23645760673d87a97a0f2a0c5a7,基础
fbd80359df2d177c7f9e419857d49732,建立
04aca5e39e800a48b7c5775ab577bb09,建立
657ebb47f48dd82c20ed102edbc1323e,前所未有
975ed58c03a2d5d50d52ccf5f079ffbc,建立
366af171877ed63416acc97a24180040,建立
cfd23e3d3092d4a58194f2be490c3c9b,建立
4b38d4e3882c5e45cf2f7dc064ac77e0,建立
b83408dfb6421f2fd3b8a1700ddd403e,建立
4b5fcb62b6de153bb41739217bdc3cfc,落地生根
e68ee2efe1177b9cb1a1286bba87ddab,建立
97e3ba96c8c68cee565c81dc19744f14,建立
614d1edbf87909875b199381492314e9,建立
d82a58229fb8c36fe3ab787a3fe045da,建立
585bb570bfc085ee6ff1892fe6a5826e,前所未有
be2cbe0ca48c05832ed8e466347df6af,落地生根
cb8637a2f2d2fb84798aaacf1bd5f8d9,落地生根
1ec2887d7c331b69cb5d0254e617a7bc,建立
bf54a1e3c13c0e65e9329ba7f12baad0,落地生根
490f10d92a372bd9d7262187c0976a00,建立
34d1b35ba2bf3b8fd2d80111e8789b32,建立
f1a17ea399696f3b344a454321a6745c,建立
ae08bb3e8d93c6c553397b395f8ffd5b,落地生根
0f2517121beb8f17add2af4d6a5af523,建立
8eae10c729944b4984905ca9c59187ab,建立
502b26798dd2e06d908aca28a7660ed4,前所未有
6dc700e879ec437723551cae2de171c6,落地生根
4d18c8c797a59b18a5b84892a49aad5f,落地生根
7f2e5d5a2033be152f2bdf03aa347620,落地生根
6652670a779632d766e4d1db03cc0638,前所未有
4ae687df07d3a529dd029bf34418a670,建立
d0ddb484de85244a002606e0f538b943,应运而生
38e7c6930fa09e81177b8322b601f187,落地生根
4a39fcf35c2379d5ef05a475f5efa4fc,落地生根
04a4d1338a2d9491f3c48c2f23f599e7,前所未有
568c6a469b2b26b80ada1787c5f73b11,建立
0755a51042891960a8d70f0574ebf031,喜闻乐见
723fab5980acc5dcd37bbc7c8aa3162a,落地生根
c6816d5808543e902a2bd17f82b83fb1,应运而生
5d692d62e21b8f89bfdb8b5b64d47c2f,落地生根
3f4b283e2fc47998a05fe7aad797a53a,应运而生
0e9d2d6d48986115ab68d8ecb8eb3883,建立
7a7e62301c14dc608b2ddb75fde66a7b,建立
c3f51aea76c403e877b7dcf6334fd0a8,建立
584f47d479fa37b5dd32ea597c3e46c3,喜闻乐见
e5e01be38babf613ac915c4fb205f8dc,建立
d4b41ee0d0c114f1f45ae210faee238b,建立
d798356b632beb09b201273fce27a9db,落地生根
182db23a055f68eb187457f3dc9e31c1,前所未有
b12d252e7523336987cdd44fbf58bc11,建立
bbc50e6d8efad8741c53f9a10dbf9d3f,应运而生
a826e2bbe9809ee149d1110b285cfb39,建立
c0554e27568d7c8f62275d8201f24c13,落地生根
6e797e850e9853a8354da286a5baa17b,落地生根
4a39e22287d68cad96fc0e6a9f0f4d67,建立
ed95cfcdcb46baef4b703dcb9ca2e554,建立
78c2aa7f8f2d51880731b6d6f9a3eaf7,落地生根
4229057008c0020b66a97e0eb1fba248,落地生根
4051bea1508c7f7a4b2d4489cafea994,建立
964c994f3f9e657fd6f27fabd83f4e09,前所未有
120da396299850a2072fdd57422489bd,落地生根
0ef76fa3412ac0e65175e1110fd36a07,建立
1079b829fe410ed8c92c981f080d453d,建立
40db3c482b528e359e8f49990f7d2066,建立
39c4496c3d3c689ad80eb90eb7986b11,建立
0da0bc55ea1d8c3e39b6dfcbbb0ab8a7,前所未有
2d17f0f9fa7143c59fe1be4388258db6,建立
939b6635513e2d10118d9989f361be00,建立
a260f6437764c6e4bde602afc803c29b,前所未有
e4ed4508f40c496a2fdfc8783d5797ec,建立
2acdefd8eb9db6d9484dff331fb1bc32,喜闻乐见
4656de7063458f644705598946413578,建立
68d356beeed1a84d54db48bbe241dc4e,落地生根
d157fd7641847df5052f5a23d33f2e8a,落地生根
ad48218e5ef2a5a25cb00b3943f8661e,建立
7de3d4e7a040f6f8764de45c0d6e784f,落地生根
1c8822f1bca73afdce37eff05900352f,建立
75e392df59f91cea4814b88b0dff1da2,应运而生
536e585d68102619efabab7c9937452f,建立
2a06dab476899c1549a0838d06587def,落地生根
37fac268ebd0aa65f49f4ec5a0a45b65,落地生根
c87765ac442fff861600f62a7da03689,建立
6abebba71878a6a350b32ed597fbd9ea,建立
f90ae442d16a2737fd973ef3855586a3,建立
bc951f10005c0a88efcc5562ca3d3417,落地生根
3d4784a2ca117ddef5d84f2aa2d83bbb,建立
06a7e7f27e524233161a68c9a3f2062c,落地生根
2475924ca1d59f2a145b9d115c74ac1f,前所未有
20e1fbc3bfea40654cd257665104aa9e,落地生根
cf2353c8494ebe533ccad485840b2e44,落地生根
206ebfac34bb63343c878e2f34c78289,落地生根
f5e7851131087267dfe0e0131d8dc7fd,前所未有
2f79ff3f0d115d33b187ccfbaef28342,落地生根
ebaf8dd07273f8ce7351d8846147b72f,建立
dc2b27aa01816bd7c2916c6b3ac99c38,落地生根
002abf881de8d8d6a37284a230bf454b,前所未有
b09ed046f99dd297ba3f2eab7779b79c,前所未有
db7a5fc0b9cdc75f2485368997c49d6a,前所未有
df93d7200b3a9fbf37f32863f53045b0,建立
b70249dc58baba2714eb69b13909532f,其中
01ea2f67dc3a54b9baec5676a3dd0d32,落地生根
f80d4dd3ace45f8fd1b83caf82d04d7d,建立
1d0ebcda7ff49c0ecbdc5f8a4a07dc85,建立
8c6f1f293272f4cf8f901d6176571e36,落地生根
419b98c1d7c542d9aa864ae8bd516049,前所未有
2062e964858f190cb14f036ce70d1d90,建立
7ddd26f31dbbc0b12cd85e8539ee9785,落地生根
0b78c1e06f4d068abecddb5f6070939d,建立
ce223068e5a9b57b58997195834586f4,落地生根
389429f38684dd37df0848aff20a6092,前所未有
eda0a26c30609f31f06e183a874acd4c,建立
008267ea45003634bd39b52c83db4571,基础
44d2ee9ee0cda5edd36e8c0f2cc6435b,喜闻乐见
4a0a0145eb9b4a5488b99b1a673306be,落地生根
567d738176fe075155182a16a51a734f,落地生根
b591d85aae6292f4b2e2e9373990b94a,建立
ffc7092c068166937e5389fe2ada36ce,建立
307ce78b53b3372a12ebe8af7bb3a037,前所未有
adb5f3d05de39d7001e4bbdda32d637b,建立
de0814e5809793746f2111977e498edc,建立
941b6a8250c7a202e6c3b13c6ec0a7b8,前所未有
7d1db17d8272ce6f6cf8f062872c8010,建立
849a2c00178546b0cbbda3741bd6c5fa,建立
40784e3b750ec525423c88885b176f73,落地生根
15502dd93f46dbf988884f8d93d5d401,喜闻乐见
4e3b6dc339f8bcfc41d53409703f2e5e,建立
a1df7f104eed495986522d8d5e0e022b,落地生根
48f4972069f167d7116483f51b55bee1,落地生根
19f451a368b862ba88dae930f2026238,建立
2947e5bc12700341a461f6405410bba5,落地生根
59d669cc934f0236128d0577a6a378ec,建立
db516f7917c4a09f908d7040a15f270a,建立
8228dad0fadac86013999be93362562f,建立
50ede5f624e5b3604ba3d75188e7d7bf,建立
a55c968d6a1e902ffc2e5d83dd686da7,落地生根
42d711434e3434523a656362f52aa74a,建立
93db6095adf152dd25d4b85ba7383572,落地生根
20edfcdb27c44615d0629422a0a5aac7,落地生根
115da0cef472d2c1e0a50ec0b9a21d09,建立
6cd045536497b2bb96be29dc0c9c8791,落地生根
bbe0e15a1c8eb0b3d4e8ddafc194b8f8,建立
4999a1415e03ca4b64cc065a1b383bf4,建立
0f7ea3a46eb9b684bc80c95c45555f73,前所未有
11f6bf6fab0584376c6f12c1a699ad51,落地生根
919e96722a71009bed70692be0820ba6,建立
8a46ba92be74e8e0d12ce8f51380e731,前所未有
e648453429078219bd42efb4356833c1,建立
c51c955e6d3242a2605cc11fff2f69e4,建立
e64fe1bf33d0f8b6ace6c5cf70c54542,前所未有
f9aca699218c548305a5e11b9d713b6a,应运而生
40f6bd2a1b2b9710ba83367de53deb46,喜闻乐见
447f57a9aaadf19c04e6cc56ea944ac3,落地生根
6e06997ad71e286df0304ce9e3c386e1,前所未有
bc54edb2c444b28202c10f8b9d77b38d,落地生根
e5e7c486fdb9050b6826b0716a693148,建立
4c33014569347be9990cf0e9d430f3cc,落地生根
68ee98d8893f92e70373849b7fd12ff3,建立
1989f204bcde5d749568d58974e04c6a,落地生根
66afefec6001f383d061c4c03e20db5b,前所未有
2170c8e8658b41a56c5b6da3f4c4f373,建立
b1fa62739c5d72062bc8d8986331b57d,落地生根
cafbd0d99216ddad6254b4384a93c458,建立
c6dcc96808e1a4e2881a42582c7e4be9,建立
d32cf229f3986c2e93b504d17aededd0,其中
30ee68a0cf79ed52de073c5b7feff279,建立
59934e80f89cd40614b084070528587c,建立
b309302122faf59b2bb9016f8e753ec0,建立
3f59ba6777f870a5900fe8d6a35a1a3f,前所未有
6fa986769a476994782bdbb28d0a31f9,建立
0ebeac4497ff3362d9a275924b77b0bb,建立
ee0e06025703ef02e4353c1e2d30ee6a,建立
fa5bb0d8aa67879e30737baf34f2265d,落地生根
19be453639e46c19554b83fe2e202980,落地生根
38f2b26158aebcf6d9c858e7fde04a86,建立
6e95cbfe39284fb3cf1a5d456c1c11d7,建立
64af0e77f2adb944f3d9d69fa80bfad1,建立
f27c8e20470366b1c3b7901bd20d542f,落地生根
79934298f399e91f6ba5f3ed298e0d79,建立
7db6ba5185e43b50d6ee29f8da471ce8,建立
c8001ab17c7f0b98bf38b2ec57ca6287,建立
d0f9278b7cd8180144ad22f55fd0fd90,建立
e4ab043adb2b340db1be976ffe1a0aa7,建立
cfa03271798c068a6eaca926acb24abd,建立
bac35c11a6527dfacd9c4b0721d970e1,喜闻乐见
e999c5fcb2856b0cb0037b2011430a01,落地生根
8ada63b6a1bac7f297778e37ada4b0fe,建立
674019632a47ba472d4156955b80436b,建立
16daece72f7c77db7d8e0ecbf44cbbe7,建立
77a709dc255955d99a603363824a2dda,喜闻乐见
ab458ab04a9c1342f8c18417e84f9456,落地生根
3a1bc783fc9960d65987746d83a2650c,建立
0a88dda725ce4bdef886f63ae5ddfcfd,落地生根
d7f14cb204047704ad7aa39b2db0761e,建立
5cac7abeccb531c006a4031f31f515cf,落地生根
dda1ede208214bd902e9684a128bf955,建立
5bd57b35572883c9ca8d92e16704f055,建立
eb14190c4f026e1c5aca0df3585ff039,落地生根
4eaed4ee84a4ff06507394216e790813,建立
35f05ae993a6c35ae3fe3f4f882b85b1,建立
d42f986456500135c595f716fff944a9,建立
d2ee6a2c8a5fac3053899d96f31cc30b,建立
0856560a9dea98ac8330354ae4878c65,建立
7c8cca7345ed9cf273288905157e87c1,前所未有
d9248af47887d1a0a1f6f7443c066e7c,落地生根
d5f2161f7fab87e311b1a5128097fdb0,落地生根
71dadee1b44135ce71bf8b04b36c0564,建立
8e71d9fa2072105ecbb1ce574cc628a8,落地生根
c6ac636b36eab126df051fb0b8eba51c,落地生根
2cc274b62be90526193e5f1ae2bf6eac,建立
a6f5e8e79c21812e750e6f2c280a4a56,前所未有
b9a0601f22fec43e1f85b83bf76821ff,建立
d05bc237c66f1d7ee070ef5547a61f97,落地生根
6f84b03c2ff93d03e5ce3a0547c42559,落地生根
510e7a956482f410c09c6919cb982633,建立
f90d834c6a8d71665ca28161c3eb3d2a,前所未有
f7a0e8d36b08fa623e866ec261e8aa73,前所未有
54da484482406c0fc02b004b326387ac,落地生根
335faa6015e22903065ed3e5d3276641,建立
34b376b5abe9a81296715bf3cf9b3654,建立
5c6f595b86fef4ee89851c31ea686a19,建立
a17d3cad091e9374a5980305b2959ef6,落地生根
b6fca7d2944bd700c39e1b7b97f071fa,建立
f141961af6a3cee3685a62dee69d6ead,应运而生
95be9225160c19f2df3d3abc6baf6995,前所未有
fbfb8891409e0e0354e4a20f10a7b613,落地生根
9c25a4dc4fc89990cc3cdd3368a5d877,建立
bc7463223a9254ea7bba0eaa2f63c0e6,落地生根
261c6c7681ce7e0c98ed6866630ef5de,建立
2d339a8630283922f6dff876acf1919f,落地生根
789ccc109d06b7c032fba26ba3186c50,前所未有
736855c60ba377f99a18889069cb0a9b,落地生根
6e6fbb44b3e2a6ee9666b29367ec124b,前所未有
fa98261014d0321a6cc8274474f1b715,建立
74ac3abd55eefe41f8f560bf3e65747a,前所未有
12113c5df277a59cf9dddb0dae86bc4a,落地生根
3cab368a2dfc9c30c644b8c37ecb219f,前所未有
f5e5ada2a46c884218e6b6f3685075a1,落地生根
a8c5a22fabcb4ccf4e4425cc57e18a70,建立
4b3ad17e26b6da4b60f5a60775ea8dd7,建立
500d78a77a08af4669fb7bfb02796a32,建立
f69caeb77f993cca88bcc90f71a838dd,落地生根
6c8a789b5980971d4f7dc8a6f13a22e8,前所未有
99752a62543958a39e0376ac5e8ba97a,建立
45af888edaaaf6f74c34350f11ca8732,落地生根
4a5cd7897f9b305f2fcdf746c9662ee2,前所未有
8deff13324cb346f86fa724f85b289e0,落地生根
07689564e9874fa3ac8d9c7b5a618702,建立
159c742691703c957776107c4dc93210,其中
2188810fba33b36786cc235b74de2c6b,建立
ae68581841fe50f1417e93e175d42485,落地生根
be35a289484f1a2c9970990b7ef0ed0c,落地生根
cefa6b393e97fc5fae7e2ee67b706fd2,建立
5b6a672b208256d5a854cda63350b1fb,落地生根
1b2cc298d00604ef4ed1391d9b48966d,建立
0e0976b443d1f1142bdf85e60c6fe89e,建立
8c072d9e8dc5e21e0f1091941c8d2406,喜闻乐见
e2f867493283829d6915adb3265b15d8,建立
560963014e41eea073476c3a315a9956,建立
d50a1d5de320e9aa29df433083d67d81,落地生根
ae697de4447622d7a91721788d621cb5,落地生根
d4c08b987184daabaeff18484e1cec64,落地生根
dee1b62e9f8fa99842fc9511ae136757,落地生根
d01d493599538163a8f158303dba0a9b,前所未有
453b14fb6ceabbf4fc7ab13c679215c4,建立
a59bb0dc1a2cd1740b6d4a1b8fa1d194,落地生根
092bf77145a6491f2abb46436e2e3340,前所未有
3aed51722b429d28a9b0067e120a38c4,落地生根
bacfef2ce7e6b3ba6c197240ac212ee0,建立
825f427c54a6b25d4d22c5a3a5e1c5e2,建立
20bec150028218c94d399478e0ba707c,建立
bd160073173e50fe540f32741e4ed203,落地生根
ffb4c3c69e8f5b1f1c4660556ac4bf2a,落地生根
18eca154b1674ad8131652c400703cc9,建立
f23847a41ddb5dac4a6a32a7fcdae966,前所未有
e279c4680e993108da8389d5dc4a2475,落地生根
17f54cdc75378f271a8868c03900908a,建立
d6a07d62b58a617a35395be9dd07e8e7,落地生根
3b22762aada8d4c6d9e6d96377c0eae9,落地生根
f93e63054843b04fedebd1108e84b6e2,建立
1ade48d840b28684a5d6dadc91d8c15b,前所未有
d6dedc85715a3d54197d7e1b8a81054b,前所未有
405637dc746720f1f10dfc4926089eea,建立
824771c3868db4ec6240e53271292cd0,落地生根
546fc6c44ee67d1a3f419272f51ad547,建立
6e3b403bfe61ad7e072b5fbc7cd52c63,应运而生
42433d9eb860dd8e8500134e491afcf3,建立
f38c0c32edc3dadadc17276f15845241,落地生根
4c11d908dd44a32d5f7d657ff97284f7,落地生根
586ccaa9c9825435689936b8b45d186e,落地生根
078465d2323e4d7effeda9856b21c8dc,落地生根
d17cd26a16c1786d13227cd4befcc0f4,建立
9eda2ae9d90eb8a84f7bd6e7c12249bd,建立
906b4fce3fe364727e91adecf5816c6a,前所未有
3da02994f4634d2a02492f7e882f2860,前所未有
63738cf23742dd81cf235f42497f0416,落地生根
7073686504cdaa62bfbeb852797833eb,落地生根
fddbef1a3265303541771217f73d4c19,落地生根
836053f44bb1e731f68f05635747a4a0,建立
a4c2ad157b01b68740009e2da4d49b21,前所未有
011da6b981a0c887235f643e20fb6b49,建立
0f76b2768527bf73de495ea29e203361,建立
2d083c432c20bff5cce078b3eb446ef2,建立
de858cf9fae2b8de0bed45bda18c5521,建立
150961cb0c7801ef60319a1ac5887257,建立
196465be1d1219a47e17a76d0f8a5418,建立
175cd0e202d89de833e509ae8c45f08b,落地生根
72fa1dcef7aa2cf53ad45ad1b904199a,落地生根
da1f8fbd49440f47620856ba6ae1fe6b,前所未有
d3e7a024080ac2177f2761ddb40ee727,基础
5cd459a4c16d2704a340092079390df3,建立
3c408a34605feb12f8b8fbdbeecf2ed0,建立
3455416362dc9dd74a6b88a52b7b8e4e,落地生根
9658edfb27efa20489531078a07003ae,落地生根
d954cc377b57e4bcfa2038afb2a476a5,建立
a163acf94558461def4596be2e246741,落地生根
652ac4ee772f828ed97915298c333643,建立
696723f1cdc89ed526a489f02ac94c89,前所未有
62459391b25e2c74cb2768d80b404a24,落地生根
7717a4c55081c480747772f821795c67,落地生根
a8f48c9c84b0aca04ec951932685b780,喜闻乐见
eda4009fe98878d02c6c4216bb1708e4,落地生根
751cdf0883fa80917012ecbc954a51e8,建立
acc6f540e9dd858d58198c3ec7553353,前所未有
fd7898b624b0e5e77a071ed695b5f0ed,建立
c6a66c2cd36dc022fc2d1c96d9236423,前所未有
e1f19d0c2c5444ff5a65b963fe24d6f6,建立
cbc70e89541f9ff8e1e480b5f7fbf2db,前所未有
54947e3058facdf2e0c178105de83b9c,其中
6a24b0af2572afb8db9f9699ff540089,喜闻乐见
2f3271cc5c73b3b1e1b5db25a3abe991,喜闻乐见
4108790cc3661db479be099bec22d62e,落地生根
be2b550ae39b3c51e134a2f0afdd758d,建立
bdc5902226478061508a37221176c49f,建立
4f910004d311b57e5777c7c246e4133f,建立
f643a17047705c9e82cb604dac4d2f5c,落地生根
9a4cc1b2d0f71f9961af59a33ef58e0a,建立
f8ccce8b295647c275cc4b33fcb605d0,建立
27619781e9a642ae2ed30da0d9176800,建立
6d5aa7556111ce46b5b4c7ecf9aa6f2a,建立
3724e47d277a08d02ff066e4513996ae,建立
e395a5cba3dc1ba987a2db850eb480c8,落地生根
25f189c50e43c8f9045e5b966f95deda,落地生根
a5daf29b54b9408defe3ee45f43232f3,建立
d942790ef46f64667532d646f3ec4b45,落地生根
e2ee263ef806529f9db029a7044dc9bc,建立
b7a9cbbdb7e39773afa2e196ea9c32b3,建立
2f1654404f4efcb026f380aafbab1ee6,应运而生
9720951bd2726d77bba23c35af7698c6,建立
f5f63e329497a17314f59c183f976c6d,前所未有
6f6b4721f3a1239388a61c79708a1427,建立
09096dbdaed908a83ed7e64707961467,前所未有
999321c8b8e8e0c457022529d1a274a4,建立
57b2599d18c4143e0070c94f74f45483,应运而生
d6ce3de27abc43ffe8a6a29b602cdf5f,落地生根
8eacff03ef808169f0302e22b04bbbb5,建立
3fc34644dcbf710dc7e12153adfdb06e,建立
2077b43e424961ce86920352eaeb669c,前所未有
f31a8cc248ab2d6ff78f782902c29746,建立
8b9e8dad8b8814bbd459c444bfa64b48,建立
31227bdd99c777a7cdd46d6e72272429,落地生根
90e2f434e89595c73a068efac76f80fb,建立
609f27fae663795fff0fac658349190e,建立
38c92650bae2f031399e96147c460d15,落地生根
aa683870e23220c6d28b86b7139aa454,建立
e7727ecb5cea85ebf9fccb58d1864085,建立
7ac87f92b23ab97e2d5e15eda34e34c7,落地生根
049cc6dd8dc01edb1f5ee9e11b851bc9,建立
ab0ae198583d01fdd6adaf4bc101d5ee,建立
605594b5aaac3d52f2623aa592ab8bd1,建立
49685242fb3a1ea82263ff129d0160b2,落地生根
c758e04f78fcfa3e13ee0a39bdf65e4b,建立
eea110638e30fd93a397a6be04d1b93f,落地生根
0dee5baaeed793c97ad4a6ff5bf1b0ff,建立
7f076aed3f9cf96dbcfa17e198dc403d,建立
1d5913f208f200d6274bb2bf3a6c2ebf,建立
6f3945c9961fcde04035e5ff4d7cf0f2,落地生根
2fb42f11468ee210e8aa2a806b071bcd,建立
c6b6003283d9358064a0512a83123eb3,建立
fabdcfe4cf3572254ac551cef898697a,建立
79ade182c0f37a447b24195b6ce440bf,前所未有
0111cf071ae1ee5075d96a2cf38e0a26,建立
e76714baa8e60f64b6bc05ea78126057,建立
d343449a951d2ec78e9ac25286a60d70,建立
2093607cc179b4643a98d785b15b6b9f,落地生根
b8294fd7c1a01af0c781949efb03e34c,落地生根
5c0a728f66106379743b002f8ccb04ae,落地生根
5bd821bf574f7faadde656423a0bccae,建立
4e30a62679fe032c9cef5aa8196498c3,建立
94a073d6b78ed8f982f4bd207bf80152,建立
5a411a85d3143c776b583fb2ab95d4cb,建立
f37a1cf7445c52c65bbb13e9ce9ef06a,建立
9ba577755d44c04192def1b176674b8c,建立
65fa19ff9c8f8b0c5ac8c4a9692c57f1,落地生根
a92c4016a402910a3a4f8e922da02f45,建立
024d214587b6524493c3041b11fe4f4a,建立
2288f21ac6237851e4ac7c616e79a289,落地生根
fefcb1281348c9b0a22c002bd4e1efcd,落地生根
0c10cfa84c7e60eec4106efeb418ff75,建立
c8f32de38e0615d1165af3207fde3d43,前所未有
07cd6ad4054cf6084ce486b2a07dde90,建立
3d103c48cb366d2e43da24133300706a,前所未有
038c46105df46f73aeedcb7258ed1465,建立
9f7b03cb34e7fde68f0814d5631e64c7,落地生根
b27d3a8d60f8a3bbba2e2b2926f499f7,落地生根
f4aac9db58d013ef805b58aae583500c,前所未有
9c01eeb256990f4582b976fc15fb04cd,前所未有
fa6f6be49763045ab19df1da76109835,落地生根
0228434a026ce2e08a123b1b3506eeea,前所未有
c6833ddca9a39993e41f3113458693a7,喜闻乐见
3476a4fcf78cc2bc74ffb7bb0c77e813,前所未有
f176bf1512875f9e83fac38e647b1f42,建立
13fbf21504ca508f4f9e6dc938468780,建立
3f6e71f2c9a0719c46968631a8eb7d2c,落地生根
0b3331976e3ee5af5a4304647166ec3f,建立
96e043260d8bc4f12b130a9706177c95,落地生根
4997f2351a80406b9eb6acc1a24f2bfa,落地生根
59baef69e4cf41646ecd99684366e698,落地生根
e1b229dd0e60f9604063cfe94e36bc1b,落地生根
ccb2292066b6e48343f4aa2673a07504,基础
bb17e11403fb0a00f253ef05134455f1,建立
442105fdb12f914e1bc5f3484914f6ff,落地生根
be94a73ecf49a9ee066d321e3218e759,建立
8e0bc5c6465e790ac1c2c9e0be0f0c8f,落地生根
894602fe791826f364f239f4636fc2d3,建立
63a789c446db8eb8f187451ede9ef3ba,建立
f845552b1365ed2b85282a3da1619b08,前所未有
fa96080890b32f435dab626b3c1f689c,建立
3cb972c1e1ddeb412a4210b5651f02a1,建立
4dd61e2ac8c1ad85e7231aee311e4f44,建立
c11ebefbd6a6c1ff23d5b3d175d58541,建立
00dbdecbf7e48a3b31b10bfef472edd9,建立
7c5fc2f036c54e710a6c338fa7aa8de4,建立
314669a9e55575fd133010255900b9d9,喜闻乐见
ed174c22a85450e90b159d3ea165403b,前所未有
89f6558fa213cdd269f5ae6390471138,建立
25a5a9cd842a5ea7282cac38a8b9e8c3,建立
42674a3d98fd0f8b1b4e36c35713cf81,建立
caa6a2a54d0c5f3446b23f0d1a0c7d86,建立
7b7ce56763d9a399e3fa02e74875d9b5,建立
e88c0d7fdc37e564a76b35fdf35abe0a,建立
137db18efa7887594727c988f27bc699,建立
a561fa021fadec95a901a43964eb4442,其中
3229024ff1297ba60d62e8eeb60ea389,建立
81eb136fcc165efa332f37810f5bba66,建立
d7d42a08bb170be24720d02a82d79ba0,建立
8772c5961c1e7ab389d441b395941de7,前所未有
51c4c617091457b5d5f693338c21ac12,建立
c1d454b399d9fba5bbd7c2b496e3898c,落地生根
83ee6e72cc292a6add52c27d81636fb8,建立
67e0eded597d052eb379cc89184fcab0,落地生根
3c3154bce1878bc5c1a3ed3356a9a460,落地生根
ba5b7888f1bcd69516bad5dc7ec25993,落地生根
114834ac454159f5fe6ceeb757f70a45,前所未有
745b3c548d59e807cf81da462f3ce2af,落地生根
9ae8c5e29d84af3ada647b33da1c05db,落地生根
b3955c4a8d1282c892a7cde684fb3586,建立
380f8b5281196350c7dcff7ec9a2e707,建立
afeb4c06c5a2e07da49eb58891cdf3a1,落地生根
5f968035d4ceee55f51ebc99ab08aee6,其中
f2fc447d7577750d154a2b2fc58f8e4d,落地生根
4611318eaa1dc93014e372349af1c65f,建立
a7543817ead00a0fdfe87a0cf2a4eec1,喜闻乐见
2db3868cb21ce746312013bdd5ceb0d4,应运而生
68e17299a1729516c183f026087ade42,建立
2ab99ffd9f7b6b19a0d59db0e32d7a2c,建立
b669ed5809763682e006fed3debce180,建立
77e57d3c560144cfda46225b022b3e7f,建立
9d8be34a358228014867cfcffd44ce87,前所未有
29636f8b3a4d05a9324bebfb08baf71f,建立
845048c35c41c201cd386e37f18fbe67,落地生根
a8d403a2f0e51d6846bd10e96677ae72,落地生根
63544b188d5ec5fc0ecee5091ef8cf68,前所未有
c6141df5b774544acdf80ef53b4deacd,基础
98391cf3405856010db6729283e338e5,落地生根
9b4c86441f33b1e08deb75a09c9f3df8,建立
2562a0932203d064bc540b6ff891c373,基础
ad2d9d45087ff180b1b5bc0971229f07,其中
c1d978c6bd9c2d776b2a76eece20da00,落地生根
763421596bba30805cf7f8805c5680be,建立
ec1bbc2120b2087f49ed6436d5497870,应运而生
bbf12b6f8557becf53da69d5eadb8952,落地生根
633690f4f328a1659916eb2015286527,建立
85e664c7eec5c9381c0d96cf278b798b,前所未有
b6c7d9d5ae2f57ffacb3815be18589de,建立
6146efe23e366f6498d8bcdeae027efc,建立
c0946838994bf307c8e76c3759ec9e39,其中
961b892a51b0163599b78ea6119df2c6,建立
1284632a3230ce61dcc4805de23907f8,建立
798aa48878a4d6575d0ce0ebb206fa85,建立
d9dfb7e5d41b554254f508967ddbaade,建立
0c5fb124b3d0a90e487a6c94698f828d,建立
dd74fc035d6f390d806332074f2d7568,建立
d5cee6cdd2a67b9e062c4e66b002f286,建立
c2f8aa7a2e3919311e85729f01a7a770,建立
ac646c149178be36966a4be91a059ef9,落地生根
5e5ecdeb85e2d7eb11a47f7ee0ea3496,建立
f8468baa67fd7715b81caa901ec0271e,建立
d6cb49fbd6f1dfabb0d94c09196d0407,建立
e2bb94de94fe63e2add56338fda7a087,建立
edbda0910efa2107b36a2e3d21536423,前所未有
c645bb04dc00380cf01173b3c007c259,其中
9cdc1d0fc0a011522a5a8858cdb7d0a2,建立
972b6ad2dadd9a352f5a5f4aefe0fd6e,建立
a522ccc20c70201d09a2db64a2c03d16,建立
6935e648497b829926790fb13dfb4f83,建立
a2877a24e79a9afa4e94d96155960a75,落地生根
da118c17571386914e1e83423c0973e7,其中
c590621a398f96a76fd35f884af5f932,建立
aca1d6f363044e7584bf1a92070c2875,建立
d7ccbbe3ae3383d5bd83109e617fb435,落地生根
9a96514a0c382de480612ed8bccbcc3c,应运而生
9c29dfaa5979ca0d20855fd4cd88d725,建立
390bb66ac5f630fa24493337866beebc,落地生根
a95e0cc29788f4ed399c0883691d3511,前所未有
d9f43553c513f2e8ad2fe549109e5a25,建立
eeb2a420ee8b6af714bf49f0295e9582,落地生根
7b8dc8027a058872938a231f963e701b,其中
3be98ae1d219a40bd79aac1f2ec5147d,建立
9fc414836e2636a765029cac2d790814,建立
53b159a0b84669448c25ace4260abc32,落地生根
225d66e5cc10c1cfe6b8898f3233be20,建立
8fbe23993e66791de3c45b919b5e69e1,建立
274b7b9eaa459674d31873a95f656c72,建立
1b0f5418b0d6568beb3dfa85220d765a,建立
5dbb2a9cd4199bf5d9f46146d12485bc,落地生根
867ec5a8f56740f73f9757c9915b708f,落地生根
07bebadf1d7d0dd1656932522e72251f,建立
b498098f718e9d0f09e2eb7f174dafa0,建立
a89e2559eadc76adbebcdacd6faf8d7e,建立
6df64d3034f02a0f44aa87499ae4a073,建立
e9409475fcc65f8ef0a0aa560c5b00d2,应运而生
e7654a7c093146a33e05a49677489fdb,前所未有
2bca80f88226b1e32c6e3aabd5ea7b67,落地生根
9dbaaeac3dad4daf84c19d1824f1de55,落地生根
c6d303a5270a55d4b4f8269d9201f683,建立
2dc74e79bee59f7f974c4a28d4a249e5,落地生根
580f01af498a4c747a547873942888a2,落地生根
1dab868afee4759762a1a2e974821500,建立
f19f269dfa7e31a37d0b73369cd55542,其中
1c4851e9cd86715834a84bf7d9574853,建立
8c5b771827e7671c5c631bc5da75d6ec,建立
f698b801585a83d512a0b4841aae6351,建立
e9936827c749d2a04be7f5e2d5eb72a0,建立
e699254d665e6e6c5a091f1199565962,建立
ba869bd9e5fc24a92ba2552b20ba756c,落地生根
b548c3cad5154ada11ac459f953a9e51,建立
d0acde1f288e19f776ad75452b50e1ac,建立
a56b9a72132e3cf4dfa146bb6dc39198,前所未有
a55e0cbf0c08d5c8a91a9c3862977424,建立
345fceecfe88626a2839af1c77a0caff,落地生根
1e63a236fa7b9579f99c7c9e4aacc0f6,建立
a7b383e59c043973f2088d5ec23f08f0,建立
251ef6325f8930ccdae5f623f29665a7,前所未有
f8c26c183a9e67c388bd1599f5b7e0cd,建立
0747142c7324c49858d550fc3edc1cb2,建立
91a911279ca906ab0326cad989c3a5f2,建立
09cda72da8b3893b35966f3fd7d6ff60,落地生根
fb652a8160f872c135f44007f2417242,落地生根
4dca5e9e4da3e6c526d6ca771212e801,建立
81beaa10b9703188d731166cfee6013d,建立
3611e3ba2bd86e3030511b85ee05df37,落地生根
d8c5e0388d8c15e3d43bd0f783acf597,建立
50325bd7060719f3dddc16e69f2dbf9c,建立
64157561bc2a6f806f43c831fd71e163,建立
88e21e34c493a34b303be6fbb5041871,落地生根
3f18ef890bd019aa1e518e5d8b817339,喜闻乐见
d7dcd933797a4a301f26d51e90a5dc25,建立
adda25c1dda7756e26ad8562e40d4261,建立
99ac20e76b2b9bd8e46bf0c7b46451f2,落地生根
7851476ab69cef16f67a1f83c6198e9b,落地生根
d5509c3f526c8c39c4c56a2d377ea9db,其中
fbbdd350860dc06c6f22aec140ce06a3,建立
5562f4ab8c2e903d8d4f39bec66a40ab,建立
72102482be6cfbbd1ce6dba93625dea0,建立
b81ac1e0cae7adb9b5266a389e68bfde,建立
0c2532fe151ff6e088c88a2834b46f87,落地生根
c370160397299979bd9bba4a96ffff6b,建立
f085bfa7abdaf0d3aab38ca03f1a1e0c,建立
5490013ed2f7352eeb4c2dd0549b4173,建立
ed972c4a24d665eee0c3a06c30bdff77,建立
7f09729300c91b0ae4ed68591ee50b97,落地生根
c664d6474008c7dc54edbdd739000ce5,落地生根
0f39cb641f74a18256d7917c1ff420a9,应运而生
aa41413f105410fe4ff73a6d3bd75629,前所未有
329006f0d4dc0ed733b840ed0949a6ca,建立
075d44764dff8b5ffaf86a3f92b47505,建立
7a483a0d770f12d3368029ccd0835565,前所未有
9cb69d43167d92e78cec6486babf993e,其中
e66a7bd78decd4f7dac7a6378ac60cbd,建立
a7d91a9c7ebd753b505caf265102df2e,落地生根
2e1e8c679a7e2713de8386f8f3b0685c,落地生根
e8854a951102bc4f75b818b098ec2dcc,前所未有
1404dc1a70a08002d45ea74819b1a6f9,前所未有
4b729606c50c352e4b00244669c8b6c3,建立
bc77a898461e7841874d02ec5fa34d81,建立
570904cbbf98189be79955e983f9ddf5,建立
748ca2542341968f073fc71141ebe2fd,前所未有
bbd3918f8df67da86dcabdb3f9530e46,落地生根
281c26ce72b8274746192e36fc7f00fa,建立
9fa87d07e20fa0241a49e44e02eb7368,建立
eac9f5d764506dd51b210e8fd0eb6576,建立
a48357f5f60400dded28155957096f54,建立
41f2a454cf03625176f9dc9baafa2a80,喜闻乐见
0cfb365e10a6ffabd544a4099a346163,建立
3be372f9566185756f0c197c77805fb2,建立
0f6d3671bb9863384b88e43ba2751932,落地生根
5c2cf76909fee21d3010a106c3f604ff,建立
0a06ca30d28257ff228d5ea7c57383a6,应运而生
34955dcca81a0067bac8a351597564a9,前所未有
3488e448829e72d7f4f571ad43e19dcf,建立
c78158b2a148a2e95d1c18006d593d5f,落地生根
80301af45556cf8a9567517f18422dd4,落地生根
3e2b0dcf60783ff63a783f430ee561b7,落地生根
21b0de8d21bfbe86693bee7adc91a199,建立
219b1c9fd7c2657a65fb4f948b4e4808,建立
bb9a6cfed91ad733b8577971abedfb92,建立
b99bbfbfb872e60d1023bdd8c7a5ffb8,落地生根
1f918f35129bf39f46fad5b74e69563a,建立
e10a9dd79f4a15781f9bb192319f3539,落地生根
cbcde7e325e926a994b4829de9f98ec8,前所未有
1915ac0cfe72d03e3b43cb81d1fab66b,前所未有
9feb9b9ac98bb5db29747143586796da,建立
ee7fb0812338102917c329b575b26d81,建立
9ba2c79de41a9da96e0ea2fb09a948bb,建立
a5fb5310909ba33133565e08177b75a2,建立
f3b1ece9f6b720d7a1c97c78fa64f248,建立
1de5c833009388e56878af917c35008c,落地生根
eae225972b0faccbd070eabc0c172b84,落地生根
26f59935f0eb012e138d33a9ce864e27,前所未有
17a4251df4b26b528e663133a7cbbb01,其中
79859aa6109090487845bfff5f78fe42,建立
5fc9ab3d37e66d65df707eadc9a85ab1,前所未有
6c134bbdeac91113410bd28900652a89,前所未有
afb6cc58ff4596ec4e53953c27d71439,建立
4bc79c7184afde974b20958abc7ec696,落地生根
792c971f568313db77ec6dd8c65c69f9,落地生根
797bedc6ddee0805f4fe649f0eb978bd,前所未有
22112f4c4ed870ae856eb705f243c13f,建立
16768a383da9932533de265e0948b6c7,建立
1e63c7868e032bd9b5bf59671a266de5,应运而生
483b61f1a6611c504be15fd0a0b1712c,落地生根
db15cee3d94a847b00f6c1d4e995a4fd,落地生根
5b5bd582bc5469d218ecffc04cb9fc0f,落地生根
7445365552fdabde16dfe1c18afffc00,建立
0b931736aa5ebc8978f688d4df7d5e4d,前所未有
32b22f6aa27b151050d7fd69a853b237,建立
94712958595a4449c6870caf8c601a5c,建立
c7d3ee8f9393084d8289127d26c02c58,基础
cb14247df873813d88bdb7c679d373ce,落地生根
54c4626db2bf744c894cf439b41c7251,前所未有
322398939b914a2b7bb8c44ddb4d0727,建立
f2085a4c25a7dd56ee742fa8740667e9,建立
61b1b25472131c247294a5499d4915bb,前所未有
db604f431e8b46158a7de3933b7f469e,建立
f440948c0dcdaeee45dbdcfa9f1f4479,建立
04d06c9cbafd734ad920609fc0041bd7,建立
718c142e979146db685a4b9ff6a047ee,落地生根
3fbb5e0d86f5f3f4d70f0e8006f153dc,建立
82b666714f7f5897b47833364b67eb1d,落地生根
c1533a76c714d346aae835dfa6f1f541,前所未有
b65c1e8e57a4366b48b0e56e29085915,落地生根
d4f1867b0787a2f76fbdfe7a772c15f9,建立
299f3bc5111c7333bf1b7d315d3208e7,落地生根
eb783d397755e811bce193c7fbc00db8,前所未有
40f0b320f149b1af753cb04016f41349,建立
f860d5f0a6b74dee2bc3c75a6a5d8869,建立
48d2b36a70bdae48ac70eb64eb58bb79,建立
ceb676a7df4a6d135563e43f7f7c6221,前所未有
9dc4c4945ca0391123694a40d91b20c2,建立
e326b36f52f85fbe75a7968ee0971c08,前所未有
fada116f6c011144f90e0d6d163eb0b0,应运而生
43d0672fa0c9e53d6391b982f0808961,建立
369b63d2f88e40f64b0c2aab60448326,建立
9303dc67dfeab5f087bcfb055e2c0a82,建立
14e5cea9919ab9f15645658fe74deb69,前所未有
4ad17b53c604b1a5f840c83bef3237ef,建立
0f8875f5b02820803fdb02dfd966b2f6,建立
24a3af56367c2e0ae358f8d56f7f29e1,落地生根
521d080b5e910f05bfa51d1bd59d30a6,建立
1a1e6a6426a7bb086af0aa72cf5dc914,落地生根
a4a54b3b4aae0c1425ff14e609ba03cf,落地生根
206c7ddc53aed8205cb72569fd616b99,建立
0e59f224c09dce12cf8fcf6ba67b1ea6,落地生根
810dd4cb172823c271bee1caa1d046a6,建立
8b1905603fcf9dba26352bc5c8ee9b55,建立
78926c4e3bbe7e306e88b5341ab36295,前所未有
2c8d0ae4d2c357478a16f80d20817087,应运而生
3dfe7f2e1153c50be4edefb104b7f1be,前所未有
e08d9e90e711e7d168d7af7707d70867,建立
bfc2f8e15785417267f75478ad1a4c53,建立
6084efa6e2080b6fcc3e7063c01b6cf3,落地生根
97fb5b2c08eb7e5019e5a720bf8ea6a0,落地生根
c9da62e7b1d4febc9ffae9edfcbea345,建立
af2cd5e168d7e7bfb24445419395b23d,落地生根
0a1d5721e675812dbfa45bf0dae71224,建立
eb61dcb11ea29e2f50e964eeeb0bfea0,建立
112fcf2f78bcda0fa90b55e83a1e4040,前所未有
22fc4c35ae759b308d15ca2c158a6a9f,落地生根
51ee3827c1b995710ae5232fb7de991b,前所未有
4a0bacdb010c1b33549ced3b93241a03,建立
98340830cf72aba4835f4e09e2483b53,建立
e5f172efacd471241e148ea8b19ea815,前所未有
8ecc4b38268f1d2eeacf4e51c256641e,建立
479eda596c354f4ac3757e044b4e8a2b,应运而生
7209737cee678db20f6365917dfe3ed2,其中
e3c32b0d2e23e5f6da70f3e21b177f04,前所未有
6756f7d7e2f027f88060ca704a5b7efd,落地生根
f69bc42c0abcea6db586dae0dead9e19,建立
aa46988b98f3838ec012a108ec98058b,建立
22c3d483229cb83f6dd0543e5463c235,建立
983ae1d827280429fb68524df20e940e,落地生根
03b78be56f442d5a54c12587fc3e3677,前所未有
75bc5213803183aff825f03c491d02f5,落地生根
425b22de743839b4d13acaf90c43d3b9,建立
4c2ba0ecf0fb1f7d561c13c73451d636,建立
a438f78b7ee0e35091476eec4a38d7f3,建立
1ae545f1351a3832ced58ca02be3e0c2,建立
58c28812ad3b283742edb65d2bfa6240,建立
55f3444824a496d6f3e31a4734b78660,落地生根
f2f771fd92a31317fe3188dc86b4a3e9,落地生根
5fd5d3684929795569d8ac2c5d2244b7,其中
fc198c586f47a8827c4776dd231a492f,落地生根
e0fe102b628b83616b95a6a17cb9a43d,落地生根
e29a2f26c8e48ae4c7fc08200f83b865,前所未有
29128032fa49fe7c7a304e0ae5bcdd48,落地生根
75d47e0c23dac7518b21178e67c5280e,前所未有
e13ba1ac4f40979252b06249bfc73d77,建立
566b90e1691ee12b10e5f93d5c625484,建立
d23cdf01c1ebd2bac492743c1ab390d0,建立
bc87c0d2a9a1c169e3580acae2d06d74,前所未有
e014478505b9e1d9d8786c15951fe5f8,建立
2b5a3c8e6f505124156e5d6226e81b7b,前所未有
f7f6cbd0c4da26b386c5745aa3f655bf,落地生根
dca1a97547e7d9e060e51e1af609a2c8,建立
44c6ca2b493272358eee04c4e29d463e,落地生根
6fc89b8abfe40c656efc9aa78f95abe9,建立
6390fa5981386bc61467e16222c9fe55,应运而生
72fb2e0254ab5eb842c428f15c10ef43,建立
2243c0a4aa9b614f5db83fded3c872e3,建立
07373667cf6b8dfb0c2b5ba2b05d7590,建立
5c323f2303ac24a7262e605fb336c7c2,建立
ef511148bb7f4d146e1bdc601c3ae180,落地生根
476958e5c737f95921b8a53709db426a,前所未有
898bcceece269af2d7b1bc82d65e0f3b,其中
f8d4fbc9ddfde1d72f5f29a2e56df21a,建立
4451d7995484bbfbe5ec1c69e54ed901,建立
826eb9269677410dce04cee765da961a,前所未有
f1cf4ef13780fb1e2667561e8fb22501,建立
b29f218ebfe7c15209e8f5f4787ba0f9,建立
fae59dd75b9ffb723415edb321ff8410,建立
1d32af6ffb32ba22b4a0897f496d958a,建立
676b7134ad0c5b3af3637c7cfe894ca9,落地生根
02c15040aff14dc1431deb387014a8ff,建立
8f66eb4673db29d0cd35a337ed55675d,落地生根
360d11db4e684def281461bedb65b21d,建立
504c7dc4b020d8090caf69c3af32f3e8,其中
5dd1b5b9692441ca799b99776bd44e2d,落地生根
0aa667a8fa4d778d717bf2adb339e22e,落地生根
2cca7a21d42069b375318cd8ccdeca65,建立
dce420c8d99e5cb81557882bf112cdd9,落地生根
e1362f983ac6fdc1a30633168f5e4379,落地生根
e34cbd49c28d157e21c5692525741cf6,建立
f9d771bbf8fe72f08c7ec03a913f5ae1,建立
5b0f493ca54f3b08715b16879f54c607,落地生根
0637605769e4573043b37d77ef7c71d6,落地生根
7a72bd0842e715df77985d9f3c3ab4ab,前所未有
e8e4b6e133da8f96cb1c93bcdc291dae,建立
5ed9ce92633d2bc35e2d1a09baec02ed,落地生根
04111bdbad03a76f24d54bfd9b61f2b9,建立
ae92901b03ea4a3ad16c9d0e235ff8a0,前所未有
f42fba6535337255b55d6a83b477b940,建立
3feb69ccf6ae7c67d061fc0fc291984c,落地生根
b00a206fb80f56ebf2a91cf7d10ef90e,建立
57cfbc9eefa65f9492012b2c17b282dd,落地生根
f2d10b5a84040ae2ab9765d0a785d298,落地生根
f0ee6acdc7f60425faf800853cc611ac,建立
b694ebfa7e45eb0e8033cb7471522fb9,建立
91337598c06099356366157b16b09bd0,建立
83f7f31ae811355c8edfc43203c5df21,前所未有
ec927312d816fb6cb3fa1c5e2b2d32fd,建立
31c64d664a089d7da47862bcf3a775b7,建立
7508f545c07f07b9fe2ba84f3f12dc00,落地生根
2778716b901cfc6a4d42bff69fb556cb,建立
cd79b3b456f0599ccdd3fccd70d7e7b2,落地生根
d3920d8b0f60b85aea8fb7877466e722,建立
28b618878eca1a4cd3b8a0927a01d52d,落地生根
ce63cce7e948392627691384123ecb62,建立
8554c20203036ef617db6d3ba1b44f6e,建立
0948c42d21d6d6029863b2b05ad0a034,建立
dd81bfdc8002d3ebdd1dfcb5eea2f4e7,建立
78f02f30c812565b8e692da45346ebc9,落地生根
c2bb52f1eb9bbae3dafcf1756cbd56ab,落地生根
cffd93f513328163f906719151193315,建立
5ae22a37d0fb941e06a4ffacc1a96c0d,建立
71944a16d727ba9ff96f921ef74a9c02,建立
67cc9791f94c17f0199fad1647824ca2,建立
f9ca6719a6eed0ddab9cc556fbc0bac8,落地生根
e286c1feafc062d7d8c5fa8b6ca0c77b,建立
1a25b59a7d95a3766bc30e8c5df11ad7,落地生根
49c47b81da56c6aa2f1767a56a7fca0d,前所未有
c8cd59930a1657bda0896babe6d7be8b,落地生根
3544c5a346d3cc01b136e501179787c8,落地生根
818366436b01c6f4bf3406a7efebe258,落地生根
1a48009490c76fc7814678e5d358b5fe,建立
c9e6ed83de02a15267e30b937aea7f88,建立
6572b6c9f4ad41495fa82fefb3a1d597,落地生根
2f62f065636c29a56eececfdad5eafc7,落地生根
af14fab3af5045fc4790b17626cf5702,建立
dc798426b749e0be762a6a582fac1710,落地生根
e3324f854b81216c7218860e57551e62,落地生根
915a3c0cd573187eb653dd3be03ff6dd,建立
d4088372872cfce802964711464ccf09,建立
bf2c9bbd2a02939cf831b019aaab75c1,建立
fb1e32557c8857ccf8feb0f0be0bb987,落地生根
e8abdad6ac977b580dcff2bdb3bd98e9,喜闻乐见
2468c11b6cc710446985f493ce5ec441,前所未有
7571b1d5bdb8e928c8b551bcf87acaf9,其中
2670f5075d983706064b3ab62f54e55b,落地生根
a068ed43e2dba92874f273044b8518d2,建立
6d19bd96c3978acc88ee2d41b2c79c26,建立
c073784f4d2cca566cc958078bd4e5c1,建立
d7d9bd9e842e39f6431493e5a57aad3a,建立
7034db1ea5db9319875303bf7e3e62cb,建立
6369a83ee266ea216035ab49279444c4,落地生根
6299138384d4befafb7fec0c50659cff,前所未有
34610398249a5d3096c6851bcc3c1749,建立
07b770ddd6d1415a5ac14389de7d7acd,建立
66175a674ff075d3feb953e6f93bf1bd,前所未有
e5ca4c3a55c9623b741ce740034b1474,落地生根
7ebb41e30a5347d226af89bc2e0a223d,落地生根
3fa69b95284949f3602e7877c69ba3e4,前所未有
2daf361324ec9eb050f5c38719bccbea,建立
acb147f8d8794cc5309ad022520ef90f,应运而生
204fcdc7caf048a0f0caf62333ec47be,建立
b03bb8b5835fd850867635ac849ae1b7,建立
a2c51d91d257ef84a038b8e921b4cc1c,建立
2698c5400fe06a4b0e2406c8566bbeb9,落地生根
272252900f78956654df9d00345576ba,建立
ca592dba54309085b9f08857ff9b2a16,建立
d8a2d66d7b2f8a56b6b48871af9a3560,落地生根
b81fd7e15b8758baea9a10bd2ecc38fc,建立
fa11e21b09dba6aa6ea5fe1edbbb66f2,前所未有
e2c7936baa7ba6787a4e41baf5e2b8ca,应运而生
2b0617cc3f3a9d3283ba172e082cb71a,建立
4701fbfad4bac872adf688e487882f4a,前所未有
a46debee991de9d7631274f05eec91ba,喜闻乐见
286355ada613a0412168ebb41a4f5df9,落地生根
44f940885077dfcb54cc339b205e8297,落地生根
ca2e6591cfe5634a7fc4d1ed203f8e32,建立
aba19598e0f6f298e7e89a85c124d926,落地生根
e9f6f684be919092cb772fc6f2242ad9,建立
efc55d671fd0ca12b537d602fdc7e9a9,建立
710ba84a8a3254f1c8b779c2342ade0a,基础
294cd2d07493157fdda36463b499a5bf,建立
176255c1dc65bc6ca2ced17c4ea5dd6b,落地生根
658dfd33644998d6ec10749e3cf697dd,落地生根
02f078d19186739721560a5d9f6d0f6b,其中
05c8bd493a112d67de53f67b696e0e84,落地生根
e83b71b867fdab3b1ad557bd1e7c2384,落地生根
7b8fdb951e980f15ed369907f9d27933,建立
cfdd0605241dfe98ff26f4269899ace0,建立
cc8d83924157504e63f1ec58b535746a,落地生根
ddebfd954661e772a58bba2e14d35a78,落地生根
b83bb04ccba50f14d4b321f69a40003f,落地生根
3b123e2d44affe4f3cb6febdd369263d,前所未有
6659f5ca1c178f934e0382a3d4580946,落地生根
df9a6e7f7a3fa35a530abfcd8ad4d5f1,建立
3148f8e4b455bbe5ffa0b06c03bdeeb0,建立
ebdaa5b52cfb3cf56537d5ae7f2bf29b,建立
a7bf3fa302e8e353f935f6843ba0f7c1,建立
2ab486e6b87611b1d299c538e5c59976,其中
7cf50a87aeba2e376ac27d2857947d80,前所未有
0a56e3abc3c845b7efc4693059d55dbc,落地生根
6a2164da3a3a5ab9d80d70fcf80d7bd1,落地生根
627dd4d83192f9090a1de907ad7b2a2c,建立
1dc386a5758de3e15f5685ba7c77c97d,基础
69db68fc775545c080ba4224b80b638a,落地生根
87bfbfdc1134b4fa40117a696bf7590e,建立
59c2badb927be6f1c737b9bb86ac6bd6,建立
52771f0ae74d4003a0474e62c73d645f,落地生根
f89eed6b03718ce41cf24bc263257b43,建立
07799b74374133cc04071e25b120571b,落地生根
98ad75d3047155177be8c62353ab50b3,建立
dda55c1a24e1517d4d67a310afd61a96,落地生根
fd20856ee39996092f0a09647ef10868,建立
b5424e666f81b4390810714e686b09f9,建立
a7218544288f89ca554c3f59ed6abc3b,落地生根
5485be5802fece348efe4d05c635dfc8,前所未有
181d7d8fe1730cada2b6d8420e246123,应运而生
071b7a2ad8afaa16ac98afee27256e85,前所未有
1f8bea99612e6fa7bba8c5bf9fbbd2a3,落地生根
e0abce584f31735b5ce9e511fa9b765a,建立
5ef2500c268875e433e3577dcd70f7a8,应运而生
3d4b13bc97ff663717631d51d3434d8e,落地生根
b89d08d4d12e0efa6a12dd8d5ce7e093,落地生根
c915ba64b7b0d690c5fe38ebe3c7ac17,落地生根
feb7b0e98dd9f9d02b119377c9f29191,建立
3a0b81beaa4cf77b5c05eb540b183dfa,建立
062a3a4e9e90e3b49ab6f45db1d09a80,建立
b7425090fcfcd5439834dc83348f4ea9,建立
a971b6fbb92a52e8f05d5facbb1ba2ce,建立
7e80c67feba0594a0b6c733277892ab3,建立
490186172373e00b4e501aa2783fe030,建立
1e6f45a6a951faf974b1926040e9afa7,建立
a98e815e90a90fefb2bc38578052595b,建立
bc3087a1fbb0c9bb26974e3fc0f254db,建立
e334fc69079c42ac120138a4ea9d728a,建立
28c537d1e29e3c1c48c26e978c66b0cc,落地生根
e6a90afaaa1eb68eb4919174d206d41f,落地生根
67083ac71b055506a78ca4eebdf6ca2d,建立
c49cead0dd3d2696d49cc55cb88b4262,建立
b3bfa5e6a9459434a24c2341273b3783,建立
761c39d57f39cc741cea757d02578c31,落地生根
f4928de6e41af294b4605fbaa96b070d,落地生根
69d53d77fd8135ae11c6223773e6a5aa,前所未有
c71a8f7499a60272fc7adce2e01cff24,落地生根
daee883fefa06beb7474a7029bf3205e,建立
439fc7ba345a74e5893e04bed2ed9939,建立
025e13abc813eca9957510cd6aac761a,基础
1c238286e3c379773b4ed8f69a95ef67,建立
e3bf0ab849dbe9ef1a8819353ec71874,建立
6228fb2f0f8a994d6130275f39c3607c,落地生根
a599ee5ecd038601034f1170f314aa1d,建立
2874e35eb6d6817f48e6bcf95a4f3779,落地生根
346200a536651301d24b30b9852a7e76,应运而生
dc948422ed0f09fc0f035f28013241fd,落地生根
42bce22099a10fb26ab18c927492c2d4,落地生根
41ae528eeebc7eb710a05c2f88125944,建立
d9060582f1c4edc359b0937c937e2e73,落地生根
7a558f4b0c66b6b7b6f563e38770016b,建立
446fb265c1f787914ad327758f41e449,建立
93221caa896290ed53593308bfcdd246,建立
55160466185c74100b33c87ea53793c0,落地生根
20cc7817125a8380d9bae7379bfaaba3,落地生根
9879aad97093084c2a64a8ccf58dd7e4,落地生根
5fd8656f0f8c7e30f546d6f70eccbd76,建立
6886458066eae212084f4d4f4b3a90f6,应运而生
d1729c0e293ff65d7718eeb4a1f79f05,建立
d11551dac56c040259739a7d37067bba,应运而生
46b9ec92262786947666334f12172860,建立
be329d790b708c6940e997c9aae1674e,落地生根
3ed1473559e9386063a31c0ad4ebb6da,基础
e97e1b40b066cda59d7c52bae30f71f7,建立
8e1600636f5a656e0dc976b11bccf594,前所未有
a001462890a056537b871680e786a732,落地生根
1d5f474f35ee9a39ee59b7b4f4abbbee,建立
722d5a0e808ae6e974830e08c72bc36f,落地生根
31e4e3cf5685a8e12ab3a730978fe714,落地生根
6ab34d387e275ff34046652eb72431eb,前所未有
eb5625eeb09ec765470b938a5172da6e,落地生根
63fff3dc26f73bb7c6db2b9f65a8497e,建立
a69494751c9098cc34346acdba847f14,落地生根
9d40ac99d2abd3cdbaa2353dc80c8415,建立
99ecf34989cca9ad9a8a966dff4829df,落地生根
fe70a985a000caa66d4f519304538d8e,建立
0333650dd3e355acce80ea03ddd0a05a,建立
654fcb42686f8aa0d005913bb76bd293,建立
362680b5c8b6d21f53bb601f783931dd,落地生根
0f5fb9d4e42f94c7b090d0e3a4bf821f,落地生根
956ac7ab08be6b183ff7a2022bd5a819,落地生根
d3174d5b618478347c4dfbed282f54c4,落地生根
92f662f312982458319fcf9010541392,建立
b05892b0bed1b3166be71d47dc3a93b7,喜闻乐见
465b3cf298839207f7c8952a35963a95,建立
36a8e3fcb0043fec4202fb6492f5710e,落地生根
d7b604dc598a1780d7aba3573f7fff4e,落地生根
e7627978c556f8eaa55c3b2f8ea48c78,建立
e5673c6a101dc12e53b99191a0a831f9,建立
4b41519f9ff2a4e7c81c272cd950da39,前所未有
858764ded0989ee5967c53c2fba7127b,建立
94856b7b6870d6da3aa10f711abb627f,落地生根
055faf2732e9d72e80ac0fff0a7020c5,建立
9f1891b90c3392a67b2f363484f84191,落地生根
169c87c16d3159ce3cf87013dcb8687f,前所未有
50a276633f5b87da10a041e8eeb9aeb0,建立
9662421077b0bb2a11d0a0534ad245a2,建立
7676e66cbc587d4c220a3f3b6d6c4a3d,落地生根
c8423b9b2358cd76e8692c5594598439,落地生根
43a466e078dad55c7860ddfffd381f57,建立
b78799ff3112729f2ef88fdeb881ec11,建立
fdd1ed94169c779338873de43060279c,建立
7d7c73a91c6ca4991204d69334f82baa,建立
9778a8403452162f8207cd1f24c7b9f4,建立
ee3c9fcb5527feccc13e9ad2505f24c6,建立
23a3f111dbbf8284e8ee540f911ab5d9,建立
ef528588d6e689c8f6d87cc7595882b7,落地生根
9e3c101dcf1d940d94bf7ba33ff152dd,前所未有
9c9b607fa808edff74b139cd2bb83a89,落地生根
ef65a68c34aaa5f1bc0924d2ca3f4eb8,建立
e3a1df53a55a5f8cdd08408443fc4442,建立
5310dc1cf8ba7fbd8e133818bad00680,建立
4f065c37b688f0e6c7d688d17c6168f3,落地生根
2ec00cdb67929625fc2332550e0b4f90,落地生根
6c53600f1258e6cc3d6c0dcbbd588b52,喜闻乐见
c04e5585d273eac821ff534dfd2302d4,建立
04b6dc168d4ab0d1d8ea5810a399ac47,应运而生
1cc2af5a528c73d050d77fe1d3c3d4e2,落地生根
0e5603914e27358d94152e96caa7136f,建立
2a2ea8ac2e90f59e0c7b4dbe3e808962,落地生根
c22641fcd60481c43c45178853a2f902,落地生根
4c7f8b6a66d0f0d6f3554819749d8bfb,建立
3c69d45169b942bcafa3200d727d8a43,落地生根
2aa8b6a67713664bde49cce5c4cab537,建立
b22fccf24ebd2205674f53f96319e66e,建立
fd284393e1370f028b0737247040e675,建立
f787d2cffd16ecc129f7d3e899bd5370,建立
9675ed41343fa1709765944568d1c663,建立
9d35ed21435b5fe61313e6149f9a8b88,建立
1528b7b456940b3478bb7898cb92bda9,建立
f2d74c807592bbaee2c46b64622622c9,落地生根
c2da15043f2dcf1485c0768d5650b0d2,落地生根
7c99b375c4fc5d68f5ce8714df300f87,落地生根
dcbeafe90f90cae18ae9e24ff7ad4963,前所未有
29c3aecc68bb79015ac2a842a2a1988b,建立
f596c90200febf382116ba505ab4877d,前所未有
b0df6dae290c08b689b6d57510af15f1,建立
7ecb1c8308092848a7ef5eba109978d7,落地生根
7c1124c2ae0a959f65d38276d586d3a2,前所未有
58963ff665df824f3ac594c9c95740f3,建立
b62d5114c033138c9003d9e94a7cde3d,前所未有
59134a076586fc7b28e2c8b50a16c32c,建立
8baecfc8bc28f803587247301a1b72ae,建立
cace7b84d41917e934199c4cc17f0a8a,建立
dbe22528d074f98ece78f0b3d65be942,建立
9ef9d9695b7ec27eec34bcc61b726ac0,建立
feeeaa1cdfe6253b278e4f27f8cd2061,落地生根
0bafa69c69695f0c44d89f4c12fb3fa4,落地生根
30cb081fff446d2a9660d8a03ce57eed,前所未有
131f4c3a3c927c55adb1b5987babaf24,建立
6cab8b45e3f3e7368d3cc8b2403582b0,建立
154c5712573f6ef9f8cbfa87261cb4ad,建立
af6fad2bc81c2ee5535e3ec284d2e828,落地生根
0e95011566d01b40ba36e6e729675f7b,建立
86b2d31bdd0291b96c0b6ecf989d1637,其中
79b4bb7df26db4523bc2da1d4f3734e5,建立
c9dbdaec1a489f0f60990e6d11edd92e,前所未有
ada2c787a69a253c4257b5d386f1ce2a,建立
ca12688ce48b5337c9fb529cdf2045ff,建立
eb008508230d6eec885d477147b2f0f6,建立
bb021900cc5b0a7b4fbf1fc017b8c300,建立
f3e7b44fb0dd73fc3103869faeba97f1,建立
888441a5c164288ddcfa92d03a6c49d8,建立
742e8896660e74689a0ffc4eac957802,前所未有
6493a6d580249b49927b17fb659f7c71,前所未有
f1fe982e253b8db490b85292e51ff89d,应运而生
477153264ca90adb504cd1cfd7abf847,落地生根
11ffe0a707fb6b43579fec8159828a3c,前所未有
e3d2be47073b0cda699a26268cf10884,落地生根
0250eafda2e1a078c7d383192ee6bbea,建立
6b57550f981bca47ea7aad6a5100c388,建立
25051647101e0e50fdbdb515267e0177,其中
d0f6ff96ed5b5b7e2777c9192925f697,建立
475d319178ff60ff8cbfc630ba343cf8,前所未有
367b712add1345dbbfd6021e3dc94dd6,落地生根
38318864e961c5ea5dd3b3cae7d242a7,建立
78dbcaa1048fb2e35b4684d6f0005efd,建立
960520d84979dd94a47c20ba58569684,建立
da7e58cca93d6db6bbf77072a7322ac4,应运而生
4fcc6e60c523d100d8a59b2b8271066c,建立
5388ccaa7cca62902240487e3ad2a2d5,建立
6a6f258274b08dc8c330e7ec34665689,建立
aae381953cafcf6486542050dca41733,前所未有
e1148f28436d6ae0926010bc3614dbbf,建立
5036aaa184dce3c370e5bcb9251d0d79,建立
9dec8cbfd27fe3624fe4dbb3a7282b42,其中
2433db1026d2da3f6d380c6451a0f83f,建立
44cc5d70b2f8e0537e1161ce9cf32cb6,前所未有
029d036a4fd78387a31c658193dcfea3,应运而生
56105c017550ad81fd4ba5fd7b701234,应运而生
3110c984e55e59662df7597b76564247,建立
5641118df3a699b4188ee85f578cc47a,建立
c5ca48f62d3652ae43b7707a59ce8e75,落地生根
58ef5e54341c985839bc87f2c26db052,落地生根
eaf5295287172d5d407249b1d7140e82,建立
f8235bebfbc6f38b9f3aa154b1f087de,落地生根
5cb0c01a2c6a3000ad9f09fb968dd9b4,落地生根
036decdfb0d87a857d650095c2d73127,落地生根
9cc88fbd321a5032b17dc342e614a8ff,建立
57c4eec3e398c871f59b6b9bd01b5097,建立
ffff871f35a6fd181acf3fb12748212d,落地生根
43cbbd53f58edf866df61cbec2e17917,落地生根
ec9d4fe51b97bcba07e3bd73a62150db,落地生根
0f9c0a2783cb968f3882f57a4d3544a6,前所未有
57fa8b3974661d206bde073d5c1990a9,落地生根
6971225c56730e58290d050c2231d520,建立
10056732ffcb36d06bc0faf5ca9c13c6,建立
322f97007717885121104f108d868e88,落地生根
ae8691935dada89bc1d4aecd5404957f,建立
35976fe01f3aa973c554510c755e25f1,前所未有
43f60968794bc3bae0beb8a2d7dd4357,建立
ba9fc2dc12c1db622bd5ffad9b1b2957,建立
b0640c497c5131c53e01f6924092ca13,落地生根
c0bf4ca083a4cf1a2bd9bfc09f62aa90,落地生根
d92512009c10f30298100ca5bed68a3a,前所未有
03fdf665ff6c3b199af1c74755d0ba1c,建立
678c56e1cf30af0ee13944930b056163,落地生根
400ed73034ed576a0e04e87b31e4bb2e,前所未有
cbf657aeec2c16ac547bd71b9f7eaa32,落地生根
be6734d77de43297ab6f3903122eaefa,建立
d498119ea41e9d7cdf5f12d18030cfd5,建立
232455a36226161a97fe998761d11a65,落地生根
8511a57fd33dc928ea9fb205a56f5c83,建立
18bdec2f9c1d9c4e07130e9b5bdb2c95,前所未有
7521b3d500184b27fd87864ef8db1960,落地生根
686f82932505cdcf0555c2628ecb035f,落地生根
48d3cc6663c792654aaab54736ec8772,落地生根
5948f8ca086617c0322a3b8b016cb5e9,前所未有
0993e46d328da19e9f4fa35cad453ebc,建立
c01f9f221ac9722e9a9298aea7446b1a,建立
7a6cbefacf1773ac050604e4dd7073ec,建立
c96d9b280324fa369b25cd5232ecc96b,前所未有
d64f1c7289f265e5972553d1e4a537e0,前所未有
36df54f55cddef9b5bb3fb26c4610c8e,建立
01f62fd818f1115fc82082bf14e885a5,建立
eccc092a0b257e6fff18aa86057bce78,建立
3e6b890a3fd9681842c143de34078c2c,建立
69928e8e1e936d5c83cec114b5f5d724,落地生根
ab30a3c79de68bfbfa34451928975ac3,建立
518d0e3497514340406b5694d5852201,落地生根
80e187d1e38561323bc97dfac2b046ed,建立
ab6976975f6a7f9bb557da9573b3bbf5,落地生根
ee7718cf9e9321f23bc523e6234e9dc0,建立
c7cd89b13937168c3d91f0a7b0e7db78,建立
bd66111515c86bde8a3e1a0a49a7a761,建立
ecdd2a51d917072aa8223267368fb682,其中
d03062dd4c2c5bce369476375e4a8d84,落地生根
3b24ecd768b70e6ff03d1770b818dd68,前所未有
9491a9c7c3775c997f8e15275aeb2277,落地生根
d70c900b3650f39d8dd467bff5b5e077,建立
9d512b25530fa03ffb2519bbb87daaa8,落地生根
8c914b100b2436cf1d45e719d1f2993a,落地生根
fd7c2a309afbf7b55a2295768971e1de,建立
3c37e293adae1aba597ff358d90b1e27,前所未有
a3fc4a850e9e68c5e300837760028097,前所未有
406a8243df14cb1294c44934c6f628c2,建立
309d387f3e9589d31214bcb3dc0c0146,落地生根
5034110d518c61d547bc8bdca0b53135,落地生根
4ffb868742eb8f62e3d71a7cb4c4f5fe,前所未有
e0e8c1d3c87dd7adb44ad4cd0f43d19e,前所未有
2e1621bb06dc97aef48291abc0d918aa,落地生根
1f316dd1df07346977c99014dcfae7d1,建立
3743692c4d50f962b16cc6386c34455d,前所未有
31db741a8a81ad63c835c1fde8498875,建立
0e9509a3bef676a10338d54021eea479,落地生根
f021862a25642965dc50c178f3d54bbb,喜闻乐见
9d9629cd3330c462ba7eded42153c74e,落地生根
cce1974fe98c0efe98e5fc78a6614bd3,落地生根
ba0f58d0faa687fee83805331a938f3a,建立
d9e7fdaa567d731441aec7100ed7539c,建立
256cb683a2e3c8ead97af3a83eb28d52,建立
9db241694615f430c39365e46e539dff,建立
1b0be0456d34559cb29d9664138b0421,落地生根
886a9d2a0187e53c0219089ad0d6f4eb,落地生根
58937b85c5c8fd3961e120b6f5cd85cc,落地生根
e0a6e8cd7f442961a69bb35698d86f36,建立
3655cc2c8f719ff63a04a961cee8f1eb,落地生根
738bb9001d0fe1ad43d8e848669f4947,前所未有
07488a9dcd88c8b6dc6f71f5ae7cd628,建立
4ab13c67725157b163dc791ebd30fc33,其中
2dfd09ef6b8fd4e0ddd63a883eb6e60c,建立
e0cef1512b95b5d51b9a2ca8f04b8c6a,落地生根
609a2f7d822edaade0d0de840c694b99,落地生根
1f9e3f0a25f524149eac29e746769f55,建立
926574ed069f8b212b1ad7a1b33bc44e,落地生根
5593f5578f8523dc32858ff6dedd1b8f,建立
6e0db74e30a6d003d20ee0b62661000f,建立
2632d0a51c16d02092053141947b646e,应运而生
5e9e58b0361d71e0641f95ed9bae3081,落地生根
6cb0ee4646e20528d68b031340ab1190,建立
be0cc23915439d4e0a15fb5087a70744,落地生根
4731266107ae2b50f97acaa638e46280,前所未有
0303186de4475234ef6b9e744d4f0eb3,建立
60b1b940d8dcc6c55b71f65495670a2c,落地生根
80c79d568613d9ab9784ea0d946d94e7,落地生根
05c4f9e33d2860e1976b83689d37c9fc,建立
f52c87779f0649342c537ea0c44e379f,落地生根
cfd37f477daeed419acc61063b427bca,建立
c22609ce5e3c9ded8af5a0adb0726ddb,前所未有
5e10a240d206ac762dc26125bbc0f1c3,建立
f13e7b2c6e02fce77491c6ea7869aa6e,落地生根
9511122eae4f4b072e1889254a76a0d7,建立
3d9ffe1c60be0512136773f35dbd454d,前所未有
bd0f6e085349e136ca4e6bd92db0dcf4,建立
d2a009d272f656e132097450837e5844,前所未有
50c2d975fd6d8c7e49c32d66c40c6d27,建立
3f38e78cbf6bfb5b77d96fbfac6a93db,落地生根
419127222d17d38fb69aced5bbc9ce71,落地生根
77476a192c826614c1723e9919221302,建立
88c3a499b73a2f949462c1e7901c1205,建立
4dc02239c6748f5136a176e08a067f02,落地生根
d24a7e0a28ecca05a9868c8240761e76,建立
f3f5b9074d26ee4c0d063335b6bf1006,喜闻乐见
0a2c0b7ce8106da07805961f550b76b8,建立
d85988a7e26445d8f5935e0fb5ae201c,落地生根
e428275e5c321c136e0f0a9fe4fb2a6f,落地生根
0ff9fc3de6872f56684d18532e387353,建立
151df22de06cdcdcf2fefc3c03e1687d,前所未有
ff17ccfd8afa289cdfd7ff358c0d759c,落地生根
7083e42fd5e6b6ce42130ac8b46525d3,落地生根
4b65efd519d07b1a37fd1db1568ad543,落地生根
da9f708c76548ac082a24d943e278bf7,喜闻乐见
4a42679a094baa742a8d03c6f59a2706,前所未有
f7d43a840c0a52346f5378bc60c68d78,建立
1377f847f9cbe56682ba5b2ba7cc64ad,建立
89c189b3e6d1f23a7d51ec20b915dc99,落地生根
cce42e1baba9d0e2510a87d9a67fc044,落地生根
9edc172e47e85b017bdc58f61176fa64,落地生根
4884ff52f998f6cff4a4326b6235da58,落地生根
68b2c8df494909e0deb2dd676e9e8dd7,建立
7d26735f2f5e9f655af3bef27d39064d,建立
6e82c21cca8107ec095154f08ae44e91,落地生根
ccf2dc109fa8837dd331016a886eabcd,建立
689923d669f54870cc453e9440bcaf31,建立
b366afb2e0732aa1d91d6a5314e0a289,建立
f1e366badcd1300199b5bf0e33730824,建立
54f472aec3cc5b0d6e6c0a89b6dcf47b,建立
3cb8840f22e46c98e84a052c12f55d42,落地生根
a8ed762533a6fc2687ea4b7c222a6fd4,建立
66dc7cd99895ba61b4f5da5a5d8b51bb,落地生根
af3033948bddfa80fc3be584b3898993,建立
f209cc9c55ea50042befb09c11f151e5,建立
f3143f18c18ec6b72f9abf25eeb256d5,建立
cbe2527411d4c3d69087a9be904cd622,建立
8b63838762d2e09a79d6df0b70e52445,落地生根
65c1308fd347894913e5493b586d39a9,建立
30a45d9670e53be066aa0e29ae5e7eec,建立
c6e508a6afec122d6f5d5a90a4e09727,建立
c2f547c8a47be143efad35251bd4eec3,建立
e091aff14d6dbde122da56290d37464c,落地生根
e93ab9d92bb4edb31a5bbc897698c943,落地生根
333dcb529937c1339b06bbaab90f14bd,建立
4f46c4e7c955aa139bca19d9420f8423,落地生根
25771f9b43ec8f21df3b899c02e0adad,建立
8c2ba3c94d844d3797eef58780f61c4a,建立
9dffd8abe838c8192b6ee16152c23998,建立
32bf61b82846e1df598910333633e344,落地生根
1e91466828ed9a55b9dcaeeab0573a90,落地生根
8819d40bcd5f741b1cc22cde09cf72f5,建立
90167eeb2532c2a0a66ec5945e292f90,建立
d869466f446902cb214d571b0204a413,建立
cd1a46040547579408fe07805af9fe9d,建立
e57f420fe5e1c0a29e387449d4e340d6,落地生根
6eac0e7f9967591003ca1c1d74038b82,建立
d55d0a7ee1267f4bc6cc8b9557edc1ea,落地生根
08e3669fe05374310536b1cf28b3c3a1,落地生根
cdfea9496eff961981b1ebabf52c7929,建立
757ad18df46c5838c3cb7f247a925f0d,建立
1a2a65e786d45434500b8cc320c1fbd1,前所未有
edf3f9a87d25b8a06891b1a1f1da37ea,建立
5870a6e800be16e6db40071845f84165,建立
04378965cb476a6569ff681b733d405b,建立
b9f957db46b76a9970d57096dded25ae,建立
74790c1aa63a48778dc32f407139d4f3,前所未有
95b7857774b0fa4f4d7b7c4df0c148c5,建立
879c889b73aed6dfd09e0d8a027ad305,建立
435f38496a09c4f55d0c5320e79dbe52,建立
2aa0d14c2b9869ca53cd0e8537fb349d,其中
ae9db3ae75d4ab30c70385f37f27eb8d,落地生根
5e5616311dff9d3c70cee6063db39f5a,建立
3935357d6828e5fff05f5f6a69d2cc18,建立
914b6d0815d069c019a8f95c9e6d2ccd,落地生根
056f7067bdfb706f2a63d295c10bc957,建立
19575763647f9fd5b49a93fbdaa318be,建立
18d458d08cddd0a1e3d15a61d8971d9a,建立
cdc1c2315c9a176414f091bbb416784d,落地生根
040bda907115d7442f8d2ebaf9060e31,前所未有
0c91d94cc17c5d893a210b0656cb9d59,落地生根
6168c2bc6d36971cc259b978a5b6f50e,落地生根
14cb9410f6c6ef0e8bfc1f7921bdace5,落地生根
e0b88183a5d2fcd9b628b3c4c892b7ae,建立
0b2ad38d851416ab69e4650aedab19fe,建立
28513c477ab1510abef7df11f389b7b3,落地生根
4c665ef2b4e4095a76296982d1b92c0b,前所未有
d6aa36d08a1bade2dfa1a1041f02d4a6,前所未有
994b66cd03396e8bb300cb74390d1642,落地生根
5149153e2e1a93c517531aa8957ed61e,应运而生
72abc8207856e698367bf1d23895d455,前所未有
7a69ab0c193d08c8586960bcbefa1e1c,落地生根
cac261f489e93c025b5acbc94ec303c9,建立
decfa10d082cf096d9770bb77b522f74,落地生根
919cfd04ae54d9c1ff099d99f6784bfa,前所未有
7632a61590426595ffbbce811bee2a61,建立
28e1eae7d8bdb734020c69a4529a4309,建立
80c5f1ebb977149acf4aa587ee33bcae,建立
85e651d710e55e637dd929874a480a66,应运而生
1f7572821705076e723074811f2ce3f3,建立
a5185b07f2d195f67e00ceb71927b6cd,落地生根
3b9d4073d34053b5dc0a3aaa4b2ed2c7,建立
fa4dee4da7c99aee83dea8d8adc86f84,建立
adc8f3bebf0ac18f932b08cf163aa3f7,建立
ebf1836fecba9e8727ead236c5b6ef15,建立
eb9c4c1b262e45ed0e37dedb95bd61ab,落地生根
f4a8e70fe5136251ee70d8a42ea72272,建立
5e7f9f4d30b5bc71384ff6471c4d66e4,建立
501ad9e97f9324bca98b2fee443498eb,建立
53e2e086c42efb24845ae2faee29fd57,落地生根
0ed20a15cd170efbc53d7f1940ab071b,建立
a48b3538e7c3f62503cd0ebc2f86d080,落地生根
950a9cf5c7672fc3e32333609a657472,建立
284e86be808bc9b6fd9ad5c92ba7f88f,落地生根
8108c877eb27d304c74483f02cbded90,前所未有
e9ade9771c84b7f425342860f2b69f29,建立
ea7983b021569564a7255892cbcc9c87,应运而生
78c10dfacb3060db6a3f3007a41d303b,建立
4e0281ea08b6d57a4ffc5cb235a1e48e,前所未有
0137392f03f4ea3c56986130f54c0a02,落地生根
18c3d93e9bd68197d151c91be134ff6d,落地生根
071964b4c5587e53ee0977fae08e714a,建立
52223aaef978a790227c3e03fc1f7408,建立
b7ce4eaaff10edf2e500543a5d3f5afd,建立
04f57c0911876849182d17c2aef590d9,建立
cab276fa6cecbe999ca550b2cc2fe566,应运而生
d8ba7149dec251c150540fe2254c47bb,前所未有
647b94bd1634e55ba89bd7781a6aeffc,建立
2d9fee4441bc7e1c0a7c0a41f00ee42c,建立
d7594f686283c5f50d2d144ef18194f1,建立
3ef8e9efefef28d9abdf4cc0e426a74b,落地生根
279c28ee27f2b0495cf8d22ebd1e8a20,落地生根
7a33f1cba5a95c23f3e84c4a9b2b5151,落地生根
20cf96e24fa20a04942e98debb272735,建立
dcc50e787e1cb1844743d96ccaa0ed8b,落地生根
98612d5ab73ea03937557a1c0e93c62d,建立
2e65709867c4816a3e5571baad4ce09b,前所未有
aee45ca28105813c20ec66a5ad78e448,落地生根
2598bc50d68d6a4ddfb79fcb94d34127,建立
f408e873c588fcb217bc9ae05f53a3c8,建立
81e3552df8b56d6aa15378df95592102,建立
09cdfcc2eb1249ee3c295f7513cb2528,建立
8e1a532f9d00d62e063e5d87e89296ff,建立
fb759036737d3897eb1e745bfa0b3e7a,前所未有
93a4e60d48106c6472a1814ef2c0576e,建立
e7f51851797267f73e0845b64f1dde3f,落地生根
da3e4e5232d474ceaf138ac7d24445a1,落地生根
ecd51e29d5b09b46d2e91dfd343d7a49,建立
6567d2da67f75b2c0ea4893a334331e8,前所未有
66699b56c95030fe965142a327fe2102,落地生根
58947c050495155d0deda5350ba3ec9a,建立
e92f3b22c571c5d0a04886f02f64113c,前所未有
01ad8072d3a1d9e39bb7d45c1e8b1e36,建立
bc439b9cb365ae97a8d61883ca78117c,落地生根
177866cedabf9522dff105a79d6ac52c,建立
2b2a6faccf80333bab926717c102ef27,建立
55f4c77645ae3a286edd665f1d5b2605,建立
e3dd535abcf9a124d26ebe7aedeed30a,前所未有
a9d6df2b745a5b87f139eeb90ea4ec1a,建立
a5fc45a588d7e32f7a6456967ad3d18e,前所未有
d84e3f54a9a01cba197c7bef22cb02a0,前所未有
9f70224bbdb9501330176961407bc12a,落地生根
2e329b8403cb9c50259be2e9555b0b72,前所未有
5f594681e9af2918a31dee11fcb5456d,建立
2348a995dc80c23129e2ba1cda77d09e,落地生根
088263217ae34edd29cc1c3e77f7cdf5,建立
885c253202707d1f287c7687f627adf7,建立
2c6970967254e339f05a0edd1fba04cf,落地生根
60852c7b1f2b62b55473cfd1cfdd762f,建立
e6cac1a314a6a34e4105246b371586ee,前所未有
3e891a7bb435b44d356f8530b17f5098,落地生根
15e92e4094e4da000eb4d5c0e34fb190,建立
59c83f742ca52ae09f22530613552674,建立
03c44d80641ce834de9bd4c098f300be,前所未有
90fcba7cf9acb002566e4df929e34fe8,建立
864b5349a526c8a96a621fd74b0b40ac,落地生根
42332ec3120dd27847d5f64e16d551e1,落地生根
ea7c4269bacfd3b79fa68fc4069e67e2,应运而生
6661576cfd21a36c1b379ac39f41e19f,建立
51abfca98475fd6dc2352df369350a50,建立
d197553ce31ac8e2397eeee31964875d,前所未有
25ca9588ddbb04a249acffc808dd02e7,建立
47a53d49df13d5aaed31e0d2391bfd0a,建立
6101258b6d28a0fe03eb353eca683a05,建立
861f56672761ab6ab18eb24a7157a9fd,落地生根
7050134c87d615fc36506f84375d9542,落地生根
ebde6c5ec3973fa12990cdbd377d26fe,前所未有
6b5a7eecf2b998c74cf331041d7b6ba5,其中
2fbb9cb2441244043d2a7cfb4c9d094b,落地生根
9284cc55e3f680b518de03f914b2100a,建立
52956761d919888dc3f596fc03eb6016,建立
5efbfe0dd3db0e1307cf5ab2e95e321e,前所未有
7606b930569d314273fda6e3a47e60c9,建立
8b40e742ddb13a573b4ecc8a48646a7a,建立
44e5c653ac2232737855ebb6010e506a,建立
7c8f4bfa38c648c2c104d7de802c7a8c,建立
9319c72d235d0a70153502ecb676163e,喜闻乐见
cc8afe2ab07527b67d1af25cb13294d3,建立
6a32c15502beadf8c4db831d863de767,建立
7e17fe45f5e52fa7ab0adea06b3f6f8c,建立
eb473cb245585c7d6f7e408a6741f408,建立
43aee6fb4ff04b0c86aa40c7600e714a,建立
9d85e91ab612f35bb835fa67ce67a2b4,建立
33edc0bd5fe2d4f5b6f31703a99ff98a,建立
f44ed92a5820261cbb1914af3d221287,建立
4e8e726d8e79455842256087961727b0,落地生根
80d034ebc96902ba2db5a7e6dfc90298,建立
41bdd1e63b6fbad9be6ca39e1b474167,前所未有
2eb829b70dad1e8ef4916b54abae6cea,建立
891b89916da7f73a4aa17ed98f60780a,建立
763d60d779a8d7541a98367e2f8fc227,建立
d6eb6974155dc367cfe7091fb69b280a,建立
66f4f11d32edc1c90ce311931b2b7da9,前所未有
d9a079f2030c4e5e66bdda41fea0e72e,建立
3a59bdedd78086fa0244e34c4d70d507,落地生根
c69e7f19cb86ade8e62f56637983007b,落地生根
046db0673268e29679f63eb4236f2801,建立
c07c6bddaab1df30daf9e28433faecf7,落地生根
c5793b9a3379bff07b8e7bc785da9dc5,落地生根
6f382c55bb07294ac9f0068253a86226,建立
4ad3e29cac9cf442a830785744f1469c,落地生根
ec45ae42046d4ebe138dbf92a0e9ccad,应运而生
f52928b0b967465df530e2ce4e82621a,前所未有
05337a58daa91943a2812acf755e4081,建立
198738ba8035f445e394b640d6368c42,落地生根
585376b5d8fbb45470ca12c5237696f6,应运而生
71da941536ffd576fe9cc5fe3d14846f,落地生根
4c1cf323c7c6c7cd00a6dd9d5a861fd3,建立
3df79a386ca20a5c50dc3e2bce2a6bc6,前所未有
3d22e956ba62f4f67bf2cdb7f2dc6ae3,建立
373c608c1207e7fae642607717dd6441,前所未有
5ea13f0991efbed6634ad1e1ba65d2ea,建立
23d7b08af48ad97edf1877a683012828,建立
8d664a705d908091c43760106af2bda6,建立
f853c977285d2904dd40ebc5a0251a8d,建立
ef27bc68e0beaec4bd1ef6cc0d24fbb3,建立
758fd87866fe28af0720f8ddb01f87fb,前所未有
f5029bbd37f4c9fd7319f086f4c8445d,建立
31295392d59b5803e08b752d3f90c6f9,前所未有
fdb5065bfa2c6db75108056aba1181a3,其中
e4676df33c4943b14290d8adbe43884c,前所未有
f97a62147101e042d4145bff867628f1,落地生根
489c33cb88698d61359d9abdfaf4934d,前所未有
15120ee5d83488ccc8dd9916b84634a0,建立
59540477b60bbb69554c29ab384f9726,其中
9c1c359c6513e330bd10719d62392d7f,建立
a8f5488e27f05fc841e1a36f24bcf493,落地生根
058a715f9294d2317a612059a18b308b,建立
b0185bf5af7028a45d717007ed4454ce,建立
7eb73190fafa6efd7edb5e8a0e1a3df7,落地生根
ae0baccd035d7e940209ebbcfda0218e,建立
3b5dd9d3b2ce8ee69835c01cb33ccb6f,建立
57bb0aa90234d6a20423e289c74b4aa9,落地生根
66325357522fa69909f5babca3e3a86b,建立
190d112cb75216b2b29c080fb081566c,建立
648ed1804e9e20215b55a406b818fefc,建立
5a71033615103c9ad07751c0e3a64f91,建立
71cc1c613bd599d904a6eb3d3869dc5e,建立
b861adfcd6ad0a4165fad1ea0a8018eb,建立
3140dbdcc274b399772206e38393a990,建立
e6cdfe96fc9b3ded53a4e40eda140d94,建立
4eeb8b9c28445e67c60b25fd784e3382,落地生根
2a2be88cca469c78bc6e4449ae5620ec,建立
975f4461532f2d4cf5630aa40c120cd7,前所未有
c33a712fcd84da48993e210c3241ccd4,建立
813aa951d70445f021d8ec676a7f8c7f,落地生根
cc9c4366291603e9f95eff6f557f116a,建立
75846e127549898e29318d959671292e,前所未有
52c90aeb368468a12e4a3d81b985742a,建立
57f4a329ee413bd0141c4d1a0e94fa7b,建立
a8ae8c8d515beb685af688217759fdc6,建立
57509e010ad6fd0af8a691a9807b837f,落地生根
42d6c6447bc17b2177b642e16e6a48e7,建立
90615a231cd9a08af970e27acd6fe978,建立
0e03cdf8259c56e33d20c7efdb990436,建立
bca872ac9a90e70f7c3d1f8aff0eec7c,前所未有
8821ed7b682f2e83531da8b27b9681f8,建立
76f335d7279f32c68e688178d3ff2159,前所未有
470b1bfed2fd14cc51305440ee24894a,落地生根
8e13a77bdaef7f4acf6695f01a9076de,建立
44af3f4402455c77e153c758feeb063b,建立
24dc68175db6ba22c2b45ae81fe9a006,落地生根
4411aebb3c73cd05fee358c07de999b1,前所未有
4499c5729ef64717b8233e8fa8ebf249,落地生根
7d1c11af011ae0cfa1ed20308aa7648d,落地生根
f47b6c50c8536cef59332105a10f7993,落地生根
2acc8dab3371acdc96655c88a8f0fb97,建立
14bd864c93427847ec4bd82385c77099,落地生根
ae6de4c9a6c017fa7e5a2a1784b229df,前所未有
c3bdae88f50a1fc87621f09d929fe461,前所未有
389caaddc1abd2251cd13f55c0b25122,喜闻乐见
1c172f4b57a1e9994eb1166a21f0aa35,建立
952598bcba4caa9c578732225f4b7354,落地生根
3a589f32a89704aaafb71db03b7dcb7b,建立
fab0fc2e68ebda803e543b4b4b4bfc1d,落地生根
c4f62d631a9f6fc274da5bf85e2ff410,落地生根
4a5d891f9795094d62036ad38e18a267,建立
6aae4a8a8ca0bd983db69a3ca0dce862,前所未有
467fe4608a186bfa2b375218942c94c8,建立
5e2fd3a6b9f49c8cfe581eb34c7c312d,建立
dfcaa5a629a73164a46c2e13ee80adfc,建立
ed17e7b8554edf8efd49597e7858561f,建立
3c0567723d03a0f626cd1d5850eca000,建立
9a10cd69a4630905436c2087debfb497,建立
10d4d0f6ccf42e2b73488f385bbc1ba1,建立
387b160f6fb4f127c29b44ccdf6d76b8,落地生根
1f8450be1ec73d5f7d13d279764dde2e,落地生根
0623b290722f76215b65eb90da16f5cf,建立
6365254b59ccf55acbdd7089f8f787b1,建立
1d7bed38f56dc99a4f76ec0e84c6fade,建立
460144f13d60b368bd6081940a1dc677,建立
cab8bfaa20c685ac3055349bda016e5f,建立
a434b9ae6e23c094d63b2ba159ae7785,建立
bfadf515e073c813f79c4439743f6af6,落地生根
854212b88f582022aae3c11b6f664e0f,其中
fd853fd875ba70396443258b5780b26f,落地生根
62ba82b35097046155ee6d97af561087,落地生根
7238e5232b813b09097ec79f964ebde7,其中
88ea76b21c57608ded5f6f81009db859,落地生根
10133611fc800b9c43b08b63307184a1,其中
8e4696072bbd337eb0774a0c174acc49,落地生根
7e27c56dc5ba3c21b8b05da47651327c,建立
c5d2f62adc14d37511d72047625d76f4,其中
30832a751901b04ecaef13a1e54156c3,落地生根
4edc85e1c821fb479277eea4f17f2a0e,建立
97e07dc5f55b8fd9d7af29c84275b6b0,落地生根
dfad18a494c4ab04d7bb478c84ba2d74,落地生根
0c56420a0dd4e09f2654583b01e4370a,落地生根
4714bb03f70f3a7a1c10c29c41d37814,建立
2c2c610a44315e6318f69f2b994cfa23,前所未有
8a311eb2e448d1a9601bdb2761ce28a4,建立
6b8a1eab053ad16d9ecaad197eb7c8d6,建立
2c66d72a9b10372010ea46a26e7301a5,建立
9703a25f327a9e6fa0183ea3c18c1cc2,落地生根
2b162f603f39ced26b3a05dcd9e54a1b,建立
62329bfb4954f111c6cd84bdee686b1b,建立
18b41bd55c43721bfa9e74c848ef0799,前所未有
d14c75ef25597f9ef513507c586c82c2,建立
7166ecf75e4a31b2df22423e326a2887,落地生根
b33192338adaebb1af0ef60bf7e09c78,落地生根
7b1ffaa1f8a44af8be84deda241656d0,落地生根
91354acf20db5171e0ba37e50b193165,落地生根
26db3a11ac179e26d775ab9598d8da28,前所未有
adec8ddaeba60000408ce664922da0e3,前所未有
e56289ea01ef56f10c2ee7972740c17b,落地生根
a617b308a42f0f82ae41e1714d313e5b,建立
d855a1c12327037310c3027587a69824,前所未有
c1af60aefb1f6d44e1ce6f78b9ead89f,建立
b478f437cde396beface2f7e12c177e5,建立
c8968cb2dfcd67df0622e5d1d33178a6,建立
c080f05470c18e954c61ec05053d97e5,落地生根
f68639bc1e33a7fbee824595f2062447,前所未有
300441f60d9cdd934820e186eec2ba4a,建立
92c9a63368781e05995cf424818501d3,建立
1e1f669da98a7ef13d095a01668731b1,落地生根
287502c2a0ae8daa61f680fab342a22c,前所未有
aa1929ee2fb7a7671aa12771bf46d11f,落地生根
1f45c1bd28d2c17a528e28fab062cb44,前所未有
8e9b7d6b42595b5e1f85d4730d506a81,落地生根
6f39176379266a612229184cc87ef9ea,建立
f1c2e4db3732a2339d037df54cbb54e6,建立
a769d2987392de3fe4d7e9316277e38c,前所未有
839fca5a574e21a6b21730d34c2dbe70,建立
53437072ea0e23415d51708282d98b10,落地生根
71b36c8612c0c303852f05da14f6a151,应运而生
3ec84318312253d648c7111f2c140aa7,建立
a52eb34196a39cd20853f845138c1d5f,落地生根
892c9b5ebab451d7177e250a292bfe2c,落地生根
d4b2dd272fd04eaf22a614177bf34833,落地生根
af08962fdc81a7d8c684a96989955789,落地生根
af38df7be031192ef377fa00ef8063b1,落地生根
c317d4fe4fbb9aa0420849de1500115c,建立
e30c23bbc68f497b86b9e0ce52e2db53,落地生根
8dac7b40f470af4ae92a628f8f81bc95,落地生根
a693040f523895bd6c8b0e6358342296,建立
bc0b02971be383bf347e12a4eb3c7923,落地生根
77e0b16d63d5dda1e014805bd59b3625,建立
3086adfb4f4605046ee5d312848f6d06,建立
0751a6ded59ec08047caff0d7ad8ec62,落地生根
27c56f734a3cb9c6895698388eb249ef,建立
8093fd55484dff337ffd70a29b4ce15f,建立
1496944d5bfc3749f665e089ea4379b5,建立
533a4bc7ce666fdb768d973c13828e24,落地生根
984c00d4a826cd43987e5abab5789a64,落地生根
c27bfcf2528b4d6ae687479b04eeae54,前所未有
d3a98cfc5bc54d4db6cc48124791ce72,建立
2896064271ebb4a42c5253d0acf413a7,建立
f52df2c8442c0d1aca22f95efcbef9bd,落地生根
46f2e24613965aed8d3fa9067334608c,建立
db84eddb9c091f65fc9d362d4e72649d,建立
9d9feb47fad0fe5482c94c60d9b372e9,落地生根
f7a825883ee93ded46e1417ef3634ca4,前所未有
9631f973113071e83eeaa0996f597646,建立
35cd5c365c2a0f4bc6b87723e49b64d4,前所未有
e86c17c8a75e90f614a5108d7e286ea3,落地生根
8ca5e439ea8d6a0df5050825febc118f,落地生根
4ccd43cc894eb46ab1c90cecfbf4f89c,落地生根
2f7da45fd1342dfbf878b15364a1f527,建立
077156253f115510b4f6df4bdf56160c,落地生根
9dec03d2a24ba2652b5499126c32e018,建立
8c64c5dfd6344af2533c584e382cdd0a,建立
87835c813eb3cf4eb9f1059d898ae92f,落地生根
8381ee3d2f4ed040f4c124a80db18130,落地生根
9cb9e975dde905862de2ba7048239f28,建立
31b57dc716448f718a9bc632c344702e,建立
eb7dd9ea68909b45d822cebc64f68a56,建立
d65f1c79a9dfaa68d1124818d9dfec80,落地生根
604614ec8a54064c9da403bae2fd50d2,落地生根
dd218a14884d5ab5b3cde9050a79d892,应运而生
c2dd41fa53993a9e8fc516c2d7598347,落地生根
5482d686d579aaf38e975a6d767e0e89,建立
d24de00938ccd9fd0d36bb9b465f496d,落地生根
9eb1bb91c05c9a3c9f4dc2e52bd2c2fc,建立
fbbfa2f0b855af4e85f8d89804c09d33,前所未有
cafc10ad5bec1f6e279a52518f4b6b3d,落地生根
f90e4c271b360c2c824e0389f93a6d25,建立
9452621dc8259e8e0be7b03f5fa2f3c2,建立
1857ea717ece2664cd8434ea95a4edd9,落地生根
e654d9b284a5008111fda65970366a64,建立
d16e8d69bab457e4c7dd8da24ece2a4e,前所未有
28cd34cd7e75da1b66856fdfdf67c8ee,建立
b7723fd534748737e2afe921a77ee371,落地生根
3a75a250dc50a1c32911c1a6a950f461,落地生根
78a082e94e02033401f0f8b7114f3da8,喜闻乐见
ada1e82dca4759e9ee9ed0898f2b68b3,落地生根
5704a4366b7d8ad3b3599dbfbfd520ad,前所未有
3ba4a7b90de2271793af70199123fe70,建立
d009fdd272903936fac04fbe786b432a,建立
f8db1d1b0f06200ca259833395b53cfd,建立
d59c222207bf33aadf26357fbc31fec3,落地生根
9355cb01351b9bbbfe6f105580a43b54,落地生根
114bcee18a28805aee197dbab7095d53,应运而生
a487f7f2cbb2e1f74ba83b9b654c2ffc,落地生根
cde68af5b94057ef647350ab72173bda,建立
6c6a419b4266471b681a119ec84946f8,前所未有
6b973460d40463188ea6504ca720b9aa,前所未有
987a739b7f64dcfcf6138a0c725c889a,建立
f429deda3ebf0dfbcc2f4845e79737c5,建立
e21cb5a03c5f16eb2bd98dc94ed7adb4,建立
da6f4c9e4935283ba0302c31d58ffd40,前所未有
c6bac7f40a86f09f7ff630e0ba6863da,建立
af231168ca443678e4757742d22c8f27,建立
47f8c670eda764b27e207cf07a0ff630,建立
e812d2f98ecde2500a4bbb8bedd450a1,建立
9f5007dbd36d4cca6a5d517fb2067782,落地生根
68324cd374f83d1898c662c8a86b2749,落地生根
adad59e8559ff92270343ee416ae7082,应运而生
8ea3d03c0c42450ace372ae533716d57,落地生根
214e9b4929f2b1eca2da7e0f8269bfeb,落地生根
09a7891c7e9a85eca1e04cb80e34c262,建立
0419dacda8235416f91d607b10f8c70e,落地生根
adc13529f0dd9f7b5f863354038618a5,落地生根
cd6e15f8794ea5ba205b6cf23b8b3027,落地生根
30d0a6eb024ba78aa49398558d642500,建立
488e3e83eb8f3ebd2965ccee5f99a794,建立
b4cc5e24f4a961f17faaedbee5c0a4e7,建立
984accf7ca4a5e79c016e9a3905220d0,建立
5a1d5663779ab184eb5c0c111bc42953,建立
a7955149bdbbe52b34116b0ede8f8dd3,建立
13f74867acb0c27a5144fd13194f0b97,建立
d7763b52491410524f5837debf44f7a7,落地生根
fb209ed53a6714530e0cf97444c499a7,落地生根
608b7b6e4a04b6e47de5cdc0f6e2358d,建立
7db271bfafa6b6be63a98929c2c2be66,建立
e930ba3878c982e9b5da92ecfce986fa,建立
13f68470e96d054671b5c7d997d19c29,落地生根
9b4c76c29b49879429fbd99d56b45b00,建立
619b8a63b1138a086939867da10e6a2e,前所未有
eaa6b30847f32d0205f9ab5f2a9630f4,建立
d7ff60fbd3f864830adf63949f3d131a,落地生根
ab991d5cc25ae6848e6a01cca0d8e352,落地生根
9c10ac67e34ea82695727b0206fa0425,建立
d889a4e01c13c5d12b7077b8020ad412,其中
7c2c2dc018b6af7265a65da7d4e57f1f,落地生根
8a55070b8f72618a49078517454ffdcb,前所未有
eb0b251f0e4ec610a9799e05f51904d2,落地生根
c36ab09c14c5b3e22ba687d8d882bc2e,落地生根
4fe566f692240f8ef733f007433ce701,建立
aea729215b25d0d8c96946c8e0c862d1,建立
b0d5ada615a49e2b999f849ff944e742,落地生根
8d41aba6d11720442bcaa8ad7e8d0938,落地生根
4e3467377440199011d7f749fa8f3b34,建立
c9716448b1cc0c826b130140d7c8777a,建立
77258c7bea6c9399f7248caddf43bc97,落地生根
6cc0ee141cd27863fb0737a49ab433b7,落地生根
1e8c32261973cadf769edf8f457989d2,建立
b87396744103eca9c986700312b8e485,前所未有
dbfce1088145db31123a7eed91d7eea0,建立
1c797a8b0ac2de2da9db1b18bad21c7a,建立
92daff6a02db1fbed3a098f18759f5b2,落地生根
0a9890743e6f1d0cabc1ebf41232a1a3,建立
8251cdc4a40090ebf9cc03ecc47f3ff2,前所未有
db21114e5afa40bba49c3c2a8f95dc16,落地生根
52615343c35c4598afdf778dc15c9966,建立
aeea8ced2a30e71bc20077276279cabb,落地生根
503ac2f140d4c054e931389335d7ee66,建立
129816a92a1586274dbe8f36d716aa72,落地生根
dd1ae94774010ea1c1b1adfbcc833492,建立
77da4c2166ff1f68d206d1aba2b4b3cc,建立
f7c9dbebbcfa2437f4c81f538ad03889,落地生根
2fc7d38e5f6aa718a3c45b0dc138df0d,建立
593d9dc631d95ae56ad5aaef24c6f643,建立
c0ea9bdcd4e006aa98500c02655b1780,前所未有
60266e4cb5be07a8e72d43a17a995648,喜闻乐见
31b1888fdbcbfd90ebef8242df1278d5,建立
eccc4052e070644e03c54dd1915bf132,建立
6ffe8fee80f6d2fddcf168ce0796b384,建立
71e083cafecb29d1d245978cee116c70,建立
34d7c64ef02d2da1c0b9daae0aa76ba8,落地生根
6226ad41fe8f92bd59820eaef74c8029,前所未有
2542e598467b11be71d5fe8e10eb0e68,前所未有
6efe94348b89fcb480d809dd8b6d7a0d,建立
a029b11a91ed389f55901a45afef1eb1,建立
cf42ebcb86189df0f9b82a13062fb932,建立
f26f74a224553ff4516cf86aafc79eb2,落地生根
2b0f8ec9cc546eb868d2646cd5fb83ae,建立
b97497da3ac540990d011eadf60cf457,落地生根
85252f19ea3c28c1320c9aa239c201d5,落地生根
38eb79a3465d36a32b5e331d0c567601,建立
52ab4e7ab655d4c462ba672c4c44cc77,建立
813c9340e08b3f7d394207637da85f0f,落地生根
241726ef9677880739c57fffd4f80ac9,建立
95fb0f7205cb7a3454ef3a8fc0c48a61,建立
173fc1ccc3cd3f8f951870fc4ab7e675,前所未有
522779cfcc818e3487175d4b29e671ce,建立
3c1a8b9a673e7a71490625b7341359d2,建立
8cece45ae3e7f583310f4ec8bf62acbc,建立
6ed2c37657884d4d0d2c85c114250bb0,建立
441897aba559a62e6b0eaba80f6389ce,落地生根
eee8cd069b5f6e6b661df46f040bc702,其中
cabb2c65ec924bc508cbde2d1bb025f7,建立
da1d9b214ad2255d4f0e09a35b86c779,建立
9797e7b8a5011c503abbba9d0e9224ff,建立
5b3ea33b2ff338a7816d23e82e0d14d9,落地生根
c4903bc3f5e292bda51cfbe4e9920bd0,前所未有
6dc73cb42e11b0debb306531695a817e,建立
9302dbf74ba3bdf6bf124fc899c94e17,前所未有
636697992afc684d792a65c630a767f3,建立
43e958ddb2714cfd677fa5c8a0656df8,建立
71b690e47112545ed2c08d7eae4aaa5e,建立
8199b6acdc77042172f4ee59a2047899,前所未有
715b0ea96984d31b09cc452172acb901,其中
4ca547c50c113903718055b2cffe5c16,落地生根
e01adae9b02e132c87e9a8ef351fd28e,建立
2da6f3323faeac46d506c2fb1b8a3097,落地生根
7fc77036447ec2460c167588fe96c130,前所未有
1d28bd33f730fdbb827ff45440cf51bf,建立
827b914c55c4c0abfbc55b084d7ac227,建立
0f48093040649835726858323756cd49,前所未有
349ff0bb6ea0770faaed54aa8228ea06,应运而生
80bbbe5ff752bf3bf090a73edce20609,建立
a0be9bfe7a17c32d21d9bd6158c59676,落地生根
8376435faa5265c35a53dc4eb1d6f531,落地生根
fa772074b0fe3dc4f893abbab20b3c8c,落地生根
f5b616e7c6cfb3d5dbbe14e51d4870a9,建立
fd4503e484354635dbcdc22fc6e30e1c,建立
e02ffba53a85f2cd36967c041cbf3e17,建立
8819cc4bf2d7d463bceb9b9217eba30a,建立
cec0a704e65fc1ed4e201a95b85b231f,应运而生
0ee564ecc67c4e309dee6e8856ea95ad,落地生根
9ca5a94b84d42b89f9c2145a770b6f5a,建立
5831db79ef3e5e900bd214648acc7554,落地生根
fb4452e8ac0a5d80eff98d19cf9d2f7c,建立
277cd5ee81349174706db9c36c25a3fe,建立
6146c9e262eabfc846f76081800b5155,落地生根
553613b62f88b617086c0f3070b96601,建立
4fee16447c4808dbce725add11f9fd1d,落地生根
2b9d9a1655396d79fa9d102c311354b7,落地生根
b229893f6edc51a061aab815f7d6e829,建立
e1957ee61200aea456dbf2f48c2350a2,建立
068413fa14818211e1c0983f126e50a7,建立
d715d98907e91d830565eecfcca1d8ca,建立
7283e01dc6bd52626859028766e7fc61,应运而生
59784900c4f229dcaeb6a974db8c872c,建立
8ee2be2e3070552b04dc8a8ad0ec45e8,建立
3ba8e99a26c68ae1344c887b9323b2ae,落地生根
5b20731e622e960d3031dfe65af015e8,前所未有
d2a212030fef5bc084a5a0c691cee3a4,建立
84fa375d4af1b1758c323f8a0c83dc02,建立
60992ab49a027064dc508ac12d5ac1d9,建立
b968608b7cd100a3ff1731bc6e08ec5d,建立
0e418a8855a7864551e2739913928ee5,喜闻乐见
216b7512503b1140d3dad544e003ec4e,前所未有
eb4576ff556ef087ccdabc3537fa8378,落地生根
1ec51ce68c661d3a5fef448e60b5b4a6,落地生根
71abf24639e2dac534101073ee9cc2e6,前所未有
d3a8df47b642435e10e8f19f97fdddd8,前所未有
e26e8f5118d4ec5369721842633a30cd,应运而生
c2df1a12fab6465e5212b84667f525b5,前所未有
b6f31bf7152c39f7951f5121e62137c8,建立
9b3a210c1046d6970c830d6b4ff3048b,前所未有
6a3283d062801edc597f58cd03dd6b77,建立
54382298c90c6a463310dac6ec0e5668,应运而生
2a7f88eaa7f21d53b69cc21e5355ab2b,前所未有
7c550a8687b4931dd1a520372a0060e0,建立
b692b7be3a6f7f0b5383ac0ccffd165c,建立
7242c9186db3771591223e773e7a85ad,落地生根
e64fe66c7eb75e1c75c003334c336a7e,前所未有
de1c551c2f203f41a8d901d53964bf90,建立
558a8697f8c2949e374a48b9e397a19f,前所未有
08e10de25751e6587965f056e3a24f30,建立
ec781829b337ad291ee5e3b08d84f90e,落地生根
9383e795334f8af67977d4ef82596422,喜闻乐见
7c89fc89dd850b390877fd8dca98af9f,应运而生
9e04a5e7b7f811c68895a810b2d50fb3,建立
216f3eb8ce59dce7f7388f2cc933f460,建立
4d9a5523ea173cfc10f6ef2da2941bb5,落地生根
d5603af25f66ec13a0e7cfe00b939465,落地生根
0bdf8353d2561f38e235870a7abd390a,落地生根
69228c51da829ead0757eb27863c6a57,前所未有
41454875720703917afc495b267b410b,建立
0dd4529bdf3d9bb0e85f7e0638c744cb,落地生根
1fa51ba43481c9c46dbaadd549ef220f,落地生根
241ad8dafb653a1204989e6f7ce35344,建立
d8caab3040890a83ef5f673c51c8b666,建立
bcd565d68f5a092bd8ae1c303949d275,建立
6191b53dd44aabf231ee493f476ba248,建立
413bcd27716f8f5e044fb83f28d45b4a,落地生根
8faea9f5aadc4f50f2dec9cbaf88e545,建立
68d8701836e952625be30eb566321532,建立
437a200057406df024738e6d3e6a287b,落地生根
db33ed58180112dd23e6b7681374d9ab,建立
6126d5135cdda70a7c99a390a09ad93c,建立
8c5d41275c9ddb40f47e8e0ab7855908,建立
c1e4e6e4030c73b68c61dd476cc0f93a,建立
0993e8766de69a09697887d89ad4b2b3,建立
2f6b334def9a9a188378da90f61ddbd5,前所未有
065345fcd659d54ed79849d4ef87d0a2,前所未有
ee69aa9730e12a41a0bd23ba294f9379,落地生根
ea61a3836a9707136cb52eec66f62244,落地生根
541281688894679c16110f96c7372310,建立
2081ad90f59b4ccdc14af82351426257,落地生根
30db35471d8dac01287060ecd24a242b,建立
c4c2de7a3a7e12a84504478d15600aec,建立
b83a0f9eab58b09649b451f7ef2d43f0,建立
f26604d8ffdfcb980fe5f42eaa421cb0,落地生根
a60397f992db35f953c47124b4c9f993,建立
8d4056fde73e93821b395da25b96949f,前所未有
f35898619bae36af19d40b86d9cdd017,落地生根
ef61f69ab22d29b3c5c4b2263865c47d,前所未有
76987b867ff94a090baa5369fc9bcb8b,落地生根
d7a44d059fd3a444a25ee17d72611cea,落地生根
0d3d743cee10f1b1a478dc859c2d2393,建立
db0a061c0e185993d27cf4cc859e81d7,建立
01c8db50cf0ffafcc75b6da53da1e70a,落地生根
11f2e3d629cb1fcd50484e5a98395215,前所未有
efaeef930153140ab28e35bde3de6e99,落地生根
dbd2c87d96074c32b09b6ad5c82699f2,建立
9c403df1c8396f999564cd62fd637683,建立
5c38e4e25cd75f7411c5451f99144f11,建立
3daf486dbb1d2c5799d3572c838762f5,落地生根
d94dd592b134da7d446305611553eec1,建立
06659ec6ddb4ab26e0c236971169d3f7,建立
7fd70935a0cea46dbcef1c352ef7dd41,建立
ca46bb1457a7d2762ad22b3c90f8ecb7,建立
499f75c231b1705fd9f59839adc91a67,建立
f6f82a192a212731ee5b733ee58900c6,建立
51ae752e64c2a76713d3be36100ca815,前所未有
77094c4f2cf778b9592904af6e874f51,落地生根
0163d06ab8e580d71811e05683ac546d,建立
76b9252e6498ebe219ef1c21c0236b12,前所未有
247e4afbd9dd8f09d696bd4c442e2584,建立
7bca9e3220c50b1caf4835808d8c0c9c,前所未有
1fd07a2edc1a87a60031c202cc028fdd,落地生根
1dccc2e7d3acc308de88f5f87a0f4a39,建立
8b43b40e43f394fe204978071c4d58cf,落地生根
0728cf008fa1bb904fa5d4e11d57a4eb,建立
11c013d9887c865cac8de49e5b2371d8,应运而生
2bb2f2d8295975277a49aa23795b63ff,落地生根
d6904425fd2609cc75b8734888e614b5,建立
b30f659f881dd04842f5afb5b1ecfbcd,落地生根
74a320ac46f43ef4f0665d2fbea1d56f,前所未有
ec2935c475fbbf96800a9ce1d38bc7fc,落地生根
f314e733723cf3541d6e21bd3f0dd1f8,建立
2a194aac21bdd85627919149905b4aa9,前所未有
7918a788805d8df564a6493375329d4b,建立
aa8e3c45d39fe3d15094f3e5ad93b534,落地生根
fe86d5c89626ffb715dab97eb129c274,建立
edbab780c4bc709013ee92143e15ef9d,前所未有
a0173591241c88bb1dc1bf25c3962c3d,落地生根
cbc24e724246e2cedc8ffaae662ad418,基础
ee2aaefc67402d5119db617b451afa78,应运而生
5b2dcc4268b1cabc3c9434a33e7a141a,前所未有
7347a51fbb283c0b8c8878a2ef682baf,喜闻乐见
87d11b050fe957633fcfc6806c97a7f2,建立
73d513849825c990d5d9666aa5e23fed,落地生根
5d2915b7721dc7c82a4c5717d3301252,建立
b19ac242a26de8bd6d7e8141dd069322,建立
9844bf25ba6af5cb783fc6554801b52f,落地生根
f041fca2d582f285ea89e9e528b05554,落地生根
fa64009ea5e914b5f6bca09b9bdcad51,建立
cf5303b27bfda8f7ffee3ceece09a4ba,落地生根
02f18d35e176ac4f56d999624aa5e27f,前所未有
3a96bbf1fdc065dad04f808e9eea4b15,建立
2bac77ccad14e7db22d3b33a46152139,前所未有
cd206cf2aab5710a707f53c3a34118ce,应运而生
67fa4a73dfbbf6ca59d22b6e1d1ba4f0,建立
3704956cf74fd5a406eab6159acb7081,建立
5a4d159918a66e10b2afb536501451ae,落地生根
e1d6702973f9e0bf35c85a5e102e0dee,建立
970b50222ec1ac17280eefd5188862d3,落地生根
7b9df9135fc47e4385b84a943c4e550d,建立
0ddd77bdc9f7f8152400c2de743f3b2c,建立
3361aa22576f20d5ba3ad7ba3e47392b,建立
a0f981155b57dd1dc00ceb1a49cc75a3,建立
4eb42598628cc9e2ce66b1a5d0f91daf,建立
eb6e298b64ad1bb62f263b0336c45b17,其中
9086df83bf7b30026161da1952997551,建立
7f5e315bb7a4c5ef9b0ec358b443fa6d,建立
05d9ed5799b196736527d2ae30b210d8,前所未有
19aa59610403c11d731ecb535a9523b1,建立
9a8377e02b9f955e45532b9bb0dc8151,前所未有
c976e8e7f732bd61c413119899e017ee,建立
842822c26fa8af1b68f622f62cbe7fcd,建立
a439ab3d0ce7b56b6f6b7d79ba75a340,建立
37a144f9cb926f7097a38a5a71c2215f,建立
7dcb8d5a3d73a76367657140b5b60621,其中
ffc4ec90adc7aad2eb62328c126ef0df,前所未有
642ed1d096165070d487ef961f02876a,落地生根
156d42ff3a6ee061f0bc1c219eea2e27,建立
91898b3bfa6103b0c78176125ef495ea,建立
77d1a3079b2eaf71d1cddf241e4ae797,建立
4d2724b52521315371eef57e55805b09,建立
75864ef345cc9ef769ee1887a4b7a888,前所未有
ee7ad7ff57cdcb8c3d0984dbd1bea3e2,建立
9bd0982177b55ed42864f589d384ce51,落地生根
e74b3f02401448e1fb004b1bee249017,落地生根
5690c44a2e62d4f8cb8ff7f03f07b802,落地生根
9ec90e6977c7c3d0e7f530a9a00094ec,落地生根
59bc6d500ec5c0895a01d1300872b8d2,落地生根
ecafae70d69fda5cebc2b97ef0a5a6e7,落地生根
cdf49c710c0a2fcc59cb7bc0a68ad420,建立
77fd12754fcefff42f2d79bf14d701bf,建立
7a3042972bfeddf33fb5488f771eeaef,落地生根
49418ee7f7cba7155ba30eaf58c1fcb6,基础
1f89a05e11923a9a761723617813c5e1,建立
f5e02a6380f9924b059e8333cc0dacea,建立
67316e2d2c5ef2a89002eda1eae5871c,建立
06b88b8d639d49e0f045edbaf1741d27,建立
d9372ecd7f91301c2b177fcee659df0a,建立
ee5c701026d6b99cfe2699db485b1e36,前所未有
1d3505441f849ba8d98c6998a4c6da21,建立
e1d38971e76a6e1bd7f3406f7da3ece9,建立
51d53fd9703c23772219130055331cb8,建立
11f7471a95414e97bb8aef45c23aae3e,建立
8cf654d132d34f3168590f6039d50901,建立
5b891feb285f5ec580fdf61da78fc981,建立
42ab8b506945709077aa305a5309cc9e,落地生根
fd8fc0046a7afad27ca1824026015a83,落地生根
0c1e1a2bad32b946d2a7b1320a754e4a,落地生根
ca101579d6ac92fed523238060a1c719,建立
b0d472a63a117a3aeca8888fb3cdf24d,建立
1e40aed8c229d83bb50224153986bcbe,建立
33c86d045773cc8b64340e789c26bd7a,落地生根
fc61cb984447c1784b577d9ece5e7cfe,落地生根
cc07a957b0836cbf1d4507e912ff2b62,前所未有
428694049d5058d7f1a41f5a2bfe71c6,建立
69ec4a49b82e2dbc389e18e70b8959f8,建立
c6a23be6b8d02a9dfa31a4aed53900dd,落地生根
81f769b157fbf5ae4af57bb2b4329671,落地生根
f14bd3e8397a99c27bb219b0ce5964e7,落地生根
c4fb80ac6af3ec3f1c1de595133998d2,建立
ef03d21e2d2704675ee3212a1fdc706b,前所未有
509e9e429c7e14732548e829f3bf9489,落地生根
6b29e015974262c7ab01e4eaa8addaa8,落地生根
e984b8a4eba40fe38f817adb59722846,建立
b090bf127c505bab931bd10e059e110c,建立
da1cf8e836e19fa6adf6742e6c52008c,落地生根
6344bdf309ea56e755e150dfdcfeab50,应运而生
36fbe6b61ffde034a494296cc174dbc4,落地生根
7b13c5a1bc652ce094e13e669b4effea,建立
1f166c05322ce7fd97ca4cbe8714a9cd,落地生根
ff6654ba11cb4857778961e1ab91d0c1,前所未有
5751a05cc503c3eea6e519da5db931e5,建立
ae18ab195ff7d6dfc553cb51e517d544,建立
163586d5ea21565b2259008522f1cfe2,建立
9d111b47b3ecfba34e6104211b5a9636,建立
d9ee825d936005dafd3cf07403c3a0bf,前所未有
9efadc9a20136cea388395152a617d86,建立
3dda1fb87174960baa78efd58e1eb25a,前所未有
96bcdc7605bd3c394c3abee8c6f9b573,建立
fe557c7507b597e994aa4519f9a60cf2,落地生根
720096eff10a9acb720beec6c9b862ba,建立
2f27b6c0129178616582aee53d5440d3,落地生根
77261598e133cfcfac8d87d736ee49c8,落地生根
5702182d5c14962d273808c4ad4d9c9b,建立
d6ccfffdfd1b5c7f2e76878777b88c65,其中
e7d62352acfcf383a09d134be947eb61,落地生根
f3d6ddd5b9c68c80deca9aa64aaee265,建立
fa956e4ff7c745fa78701cad082d6541,建立
d3caf31ec54d107f8e68ce4e4ffc487a,落地生根
2ca49381942170108154b40fd20a526c,落地生根
a40e8df480aa92daed9deea79411b325,建立
9ee0bbd49a751058fb71334c951cb107,建立
e0f8311b89c681e9d4a960e43769ebdd,建立
0f61c02d50b150d51d544e35e06cd528,建立
d3058e087feec46f957bcab2a2e82a21,建立
8ca02709910e0bf8add295fbe4057c6e,前所未有
6cfaabaa15e6ed161e789b1183850e9d,建立
496ae66e75ef7a930fd4749c71790f5d,建立
a441a6b2d5e59daae2ec29ca5b3398c8,落地生根
e3107c9ab627e129712c92c3aa729e79,建立
14bf5154d912d4857cee3a84e119df77,建立
da8a8ae05b440c5671cc72f01281b2aa,前所未有
eab3d3794e09174d251cd7e41e689589,建立
0d1bf5374709271fcd93cadece17866a,前所未有
24753bf2f2ca1c6d27fac18b818520f3,建立
3fad7baba465d352120f1378415613b3,建立
59622d42fab010582c3c49c5611ebe62,前所未有
5f54e5af2b310e6cc15e89da0d62a6b4,建立
bed0c4d4d5dad14b07d362770cb8ac27,落地生根
1cd07a6c5b42c59634a16d59f559b4f3,落地生根
e8a690fad6f0aa554042abbf2a6f7512,前所未有
c91239f3f1322a3970ce9dcbd99ed50d,建立
2c0e34255cdc23b744869a302f810bc1,落地生根
c48585e947a373f346c968b622b804de,建立
ca49929a5c1f40216e5a1ef4d4cc73d4,建立
33d903b7212c196849e9b417669ccc42,落地生根
d49bea615401e96500b1bc8655bd3572,落地生根
45de8bb9d21959c7cc3c3f6a4d652522,落地生根
39d237f45505a511909270dd3cddf199,落地生根
8f50dee91ff86ef2996784ac841dd060,落地生根
240f4d1b9d7b249d75d477164113c15b,前所未有
c8a44a59bc1e0113ed709572c49f31b4,建立
66722483e2e508cf706efe466ae56797,其中
60e37c8b94a5e520f684b7448d728d2b,落地生根
7763e061dd5fa13c7123de8434d0aaa3,落地生根
31c94e18c12a88c88fd7daacbf875e4c,建立
6b3c45c31239899fe9eb2616e3433ae3,建立
fd1649bf89e27db6d7d00961d69efc3f,建立
d46bfa27d02f0664a3a80a7d4227cc52,建立
4bdd1bb79886123b91499f2a125683b9,其中
0b3749a5e2b792df7f96086dc6c7d4ec,前所未有
111f81d2af00c7caebe2ea85e3e42f47,建立
ef6b732f2f83fb8a56080a2fe1a76335,建立
215b112c28a06d2910b5dd8c339c8a01,建立
7a125c9048b93219046b410868522f9e,建立
0fedf15fe01ac7191e950d0c38f4e3c5,落地生根
d373e939ed642843bc730a8ea2e24052,建立
5b847a9ee9f664110d009987ebf9088a,前所未有
762189368e0e4f087e29092aa838c838,建立
7e6871f7fd6fb93ad0961dce48ba2f0e,前所未有
e8349986c5d4501b808c086b2263aa43,建立
99d3fb8feabf041dace0b601ea9599bd,其中
67f24a65e89d64081e174fe9fc265120,建立
0b75655a56cb192576e1823597606f01,建立
1f7a36faf7ceea463580e0e37855103d,建立
3c64dea40fff895f2ab9d6e803f31dcb,建立
b8caaac7bd8a494b07facb44b819d0c7,建立
c8b02cbb3323bebaaa9c8eb6e0cc7397,建立
24d0180f33fafaa8ac65b13428ece966,落地生根
91b33b3a27cfbf4d27cfd468f77335eb,落地生根
819a020e7dbe5ed898e26fe33e78e1bb,建立
1c1636be8101e3ffb0c5583a43b41a36,前所未有
0156286ea43f736f6a03543b2aa02ce9,落地生根
e6e9e109e05bf05921131805d1e09354,落地生根
55b157292ea292a8339cd3f30756f52e,落地生根
982a83b45c93aac443bc9a8295f87439,建立
bf25b5c52437b83188f9669dd2926393,建立
15957aeb8516dbdd418109dd0204214f,落地生根
24d26415311d66aeb7eacd9e4f512c84,建立
83cc65ddb7628503c03fd520d8effa5c,喜闻乐见
6d8317d2245fabfd4267c4c5443e9999,前所未有
ea427cefa9d1e77b0917ce47cfcf6bdd,前所未有
e9bcffa50b818edbd5493b4c256471fd,落地生根
39d665a9cbcf22f71484cbd04d2605a9,建立
e8c6f9e5d06304e5cba9551f9bedf8e7,落地生根
7186250938ad8186f61ad6d23f5ff48b,应运而生
aef67c64adef80e4b926318f247b2d13,建立
a6e671e1db9d33fd12dcf2b888b356ad,建立
a8b622389929cdb4925275dfd930fe65,前所未有
6b8dc9da6212908436c24c8c7e9fe614,建立
e4fb114d55af674993230c1a07a712f8,建立
dc741de14ac1893788d69a644d41d3af,建立
bac28cfb3d483befaf70fa07095c35ee,建立
af03674233a2f4486a8ba727a669cfc0,落地生根
278d3bc041b24215dac40472ad1348a6,落地生根
7dfe58e2edcffb3203a38b8f11b7718c,前所未有
c3ddff50b733f831bb24a9fbdf4865f1,建立
3914c03d7553a5c1c1800e5de03080c0,建立
e9590f70ecd514c033bdef84c38d44c4,建立
288d9e0bf87fa298bdd430190e9e0e6d,落地生根
dc2f49e5ebdfbf3f30fd1ec9aa2b8ec8,其中
bb4d9a5881b0835061a8e75fa957d751,落地生根
78b05d078cd0820c136a004b79f86c4d,落地生根
e0eae9b5d62a10d330ae222ea963deeb,建立
ec0008c52e6319b954877d2896bd5003,喜闻乐见
38752f9b6bf0c4df7e486e6fb464d507,落地生根
f27a0fc41df9bf44b8c5383305b27b0b,落地生根
e9cf7062fedc2cb615bf63fb18529aec,建立
3d16e32401f6307db87f86ee1e17ad3c,建立
4bd3d3cb4a068cda47a416bedb7218b1,前所未有
2fce52efb09c53cdafc3a7ea45d0e734,前所未有
177a503e25216a8a0092bd040ab37ec0,建立
6b9a5ea3778c7888e4fe986c55e0e2cf,建立
bc386b4b9946fdd31fc14870a6524abc,建立
a89e79a421130bfcdbe8f0144aedd67e,建立
885db63801bea842d36a485b6142686c,落地生根
eba292e5149a02defb633dc2fbc929a4,建立
902048153071588c359da9bd421746d3,落地生根
c9d7a868b05566f9922602f1568f2646,落地生根
5fe657a06fb411c31d8839c4204ba846,建立
64c822cd11e05ebca52def2678011760,建立
025479a76b3dba1cb1becf3cf9ca0c1a,落地生根
0e60efc9f03e48069cd0dcb0fdbb9f31,建立
d90dd1f87efdbc21da78b8183fbeebcb,前所未有
fc0bd18ebb0898c7cc51ba835a2e3c94,落地生根
77ee3f17bd4c5e1d969f4a6e491ff181,落地生根
273e999ff3de8dee5d483781fe357c61,落地生根
d9e786dc828237148c755ed5d9f10732,其中
583eada50f49de43801720ffef5444bc,落地生根
ed972816568d2a2688a2e95c9afd4b0b,建立
01141a10e62e262b94d9ee8388df1a39,落地生根
e10d0b7f4a22ce7ed1733473c50ec18a,建立
384dc64122e5ee740efef5822c63e3b0,应运而生
0957c8d7c4f43955ea47983f83ac320c,落地生根
e2dbad58299da0fb2c21626d5abeda07,建立
41ce5731d6a42bded567517f5c6e9279,建立
5bf4e3ba4d0259571ca622f1c5e7c048,建立
809ca4b7db24aeaab8ec4b6f67e28ff3,建立
537d2fed83b455669012a24681afaf18,建立
93a322aae0256f1ebd08e08153228c08,建立
615a5f43cdfc01cbb13920fc99ab7ae4,应运而生
c528a4c8cb647045384fde1f18de6b6b,前所未有
696dbfbceaaccf0d897cdf9d0777d2f2,落地生根
9920d2111081eea1ce2e99ff0f53a662,建立
47cd34d8ae355d0c5ae6a08492e5f358,建立
2ca72417a26c74bd53b23c44439cd70a,应运而生
89b0b9f1e9c28149ab4527dba97d7824,建立
9560b2248db4118b0f6d8c8744fc2461,建立
e5eec5f9aab30dfde656844761bb7741,落地生根
e753543011eef922d1d4e3c0cd7f7973,建立
eb0969e18e3ab1994d710e6073eea0b5,建立
c149c76ad4d04c3e6298b561945090ec,建立
b0039abaa28f78ce55933331d1a7d8eb,前所未有
d6f2373386fc292be45779a2f2f5f468,建立
265178a2ea6e73485797e8af11fe4676,建立
b586e2412036a50b3d0224585dcdb588,前所未有
5dfe329a13ce97ea0a5edb5a2d68a3bd,其中
c031f0dd7b3e7198ea0b02ff6cc1f8f3,前所未有
d0b31e10b61a6af969ecfd657182850f,其中
198394edf6ac0d50790278354982015d,前所未有
34feb631ca227798e74b9c243da793ab,落地生根
8e862e1be21ebb478dce4b63a27a675a,建立
d83f8cde690824c275e93944bf99051c,前所未有
30fdfb4670c5467936ee9470740a0134,建立
b4c49dc2123ca923c46789fad63d9c97,建立
1df8f5119dd2c39a89e8ef38e52897b3,建立
